batch_id,cell_id,seed,freeze_witness_id,strategy,weight_vector,capacity_ratio,blackout_policy,approver_policy,label_source,epss_era,catalog_strictness,ablation,t0_window_set,metric,value
B-primary-primary,P-proposed-w_cvss_dominant,1,750e144ba9567b5255b27ce40279643bdf7418d53b15edce5d72c515eb022833,proposed_fixed_prior,w_cvss_dominant,0.01,primary,A,label_a_kev_only,v3,cpe_exact_existing31,full,monthly_18_2023_09_to_2025_02,ehd_absolute,3252369744.0
B-primary-primary,P-proposed-w_cvss_dominant,1,750e144ba9567b5255b27ce40279643bdf7418d53b15edce5d72c515eb022833,proposed_fixed_prior,w_cvss_dominant,0.01,primary,A,label_a_kev_only,v3,cpe_exact_existing31,full,monthly_18_2023_09_to_2025_02,capacity_efficiency,0.01
B-primary-primary,P-proposed-w_cvss_dominant,1,750e144ba9567b5255b27ce40279643bdf7418d53b15edce5d72c515eb022833,proposed_fixed_prior,w_cvss_dominant,0.01,primary,A,label_a_kev_only,v3,cpe_exact_existing31,full,monthly_18_2023_09_to_2025_02,scheduler_feasibility,1.0
B-primary-primary,P-proposed-w_cvss_dominant,1,750e144ba9567b5255b27ce40279643bdf7418d53b15edce5d72c515eb022833,proposed_fixed_prior,w_cvss_dominant,0.01,primary,A,label_a_kev_only,v3,cpe_exact_existing31,full,monthly_18_2023_09_to_2025_02,scheduled_count_total,2019240.0
B-primary-primary,P-proposed-w_cvss_dominant,1,750e144ba9567b5255b27ce40279643bdf7418d53b15edce5d72c515eb022833,proposed_fixed_prior,w_cvss_dominant,0.01,primary,A,label_a_kev_only,v3,cpe_exact_existing31,full,monthly_18_2023_09_to_2025_02,n_pairs_total,201924000.0
B-primary-primary,P-proposed-w_cvss_dominant,1,750e144ba9567b5255b27ce40279643bdf7418d53b15edce5d72c515eb022833,proposed_fixed_prior,w_cvss_dominant,0.01,primary,A,label_a_kev_only,v3,cpe_exact_existing31,full,monthly_18_2023_09_to_2025_02,n_t0_windows,18.0
B-primary-primary,P-proposed-w_cvss_dominant,2,750e144ba9567b5255b27ce40279643bdf7418d53b15edce5d72c515eb022833,proposed_fixed_prior,w_cvss_dominant,0.01,primary,A,label_a_kev_only,v3,cpe_exact_existing31,full,monthly_18_2023_09_to_2025_02,ehd_absolute,3266432704.0
B-primary-primary,P-proposed-w_cvss_dominant,2,750e144ba9567b5255b27ce40279643bdf7418d53b15edce5d72c515eb022833,proposed_fixed_prior,w_cvss_dominant,0.01,primary,A,label_a_kev_only,v3,cpe_exact_existing31,full,monthly_18_2023_09_to_2025_02,capacity_efficiency,0.01
B-primary-primary,P-proposed-w_cvss_dominant,2,750e144ba9567b5255b27ce40279643bdf7418d53b15edce5d72c515eb022833,proposed_fixed_prior,w_cvss_dominant,0.01,primary,A,label_a_kev_only,v3,cpe_exact_existing31,full,monthly_18_2023_09_to_2025_02,scheduler_feasibility,1.0
B-primary-primary,P-proposed-w_cvss_dominant,2,750e144ba9567b5255b27ce40279643bdf7418d53b15edce5d72c515eb022833,proposed_fixed_prior,w_cvss_dominant,0.01,primary,A,label_a_kev_only,v3,cpe_exact_existing31,full,monthly_18_2023_09_to_2025_02,scheduled_count_total,2019240.0
B-primary-primary,P-proposed-w_cvss_dominant,2,750e144ba9567b5255b27ce40279643bdf7418d53b15edce5d72c515eb022833,proposed_fixed_prior,w_cvss_dominant,0.01,primary,A,label_a_kev_only,v3,cpe_exact_existing31,full,monthly_18_2023_09_to_2025_02,n_pairs_total,201924000.0
B-primary-primary,P-proposed-w_cvss_dominant,2,750e144ba9567b5255b27ce40279643bdf7418d53b15edce5d72c515eb022833,proposed_fixed_prior,w_cvss_dominant,0.01,primary,A,label_a_kev_only,v3,cpe_exact_existing31,full,monthly_18_2023_09_to_2025_02,n_t0_windows,18.0
B-primary-primary,P-proposed-w_cvss_dominant,3,750e144ba9567b5255b27ce40279643bdf7418d53b15edce5d72c515eb022833,proposed_fixed_prior,w_cvss_dominant,0.01,primary,A,label_a_kev_only,v3,cpe_exact_existing31,full,monthly_18_2023_09_to_2025_02,ehd_absolute,3279493488.0
B-primary-primary,P-proposed-w_cvss_dominant,3,750e144ba9567b5255b27ce40279643bdf7418d53b15edce5d72c515eb022833,proposed_fixed_prior,w_cvss_dominant,0.01,primary,A,label_a_kev_only,v3,cpe_exact_existing31,full,monthly_18_2023_09_to_2025_02,capacity_efficiency,0.01
B-primary-primary,P-proposed-w_cvss_dominant,3,750e144ba9567b5255b27ce40279643bdf7418d53b15edce5d72c515eb022833,proposed_fixed_prior,w_cvss_dominant,0.01,primary,A,label_a_kev_only,v3,cpe_exact_existing31,full,monthly_18_2023_09_to_2025_02,scheduler_feasibility,1.0
B-primary-primary,P-proposed-w_cvss_dominant,3,750e144ba9567b5255b27ce40279643bdf7418d53b15edce5d72c515eb022833,proposed_fixed_prior,w_cvss_dominant,0.01,primary,A,label_a_kev_only,v3,cpe_exact_existing31,full,monthly_18_2023_09_to_2025_02,scheduled_count_total,2019240.0
B-primary-primary,P-proposed-w_cvss_dominant,3,750e144ba9567b5255b27ce40279643bdf7418d53b15edce5d72c515eb022833,proposed_fixed_prior,w_cvss_dominant,0.01,primary,A,label_a_kev_only,v3,cpe_exact_existing31,full,monthly_18_2023_09_to_2025_02,n_pairs_total,201924000.0
B-primary-primary,P-proposed-w_cvss_dominant,3,750e144ba9567b5255b27ce40279643bdf7418d53b15edce5d72c515eb022833,proposed_fixed_prior,w_cvss_dominant,0.01,primary,A,label_a_kev_only,v3,cpe_exact_existing31,full,monthly_18_2023_09_to_2025_02,n_t0_windows,18.0
B-primary-primary,P-proposed-w_cvss_dominant,4,750e144ba9567b5255b27ce40279643bdf7418d53b15edce5d72c515eb022833,proposed_fixed_prior,w_cvss_dominant,0.01,primary,A,label_a_kev_only,v3,cpe_exact_existing31,full,monthly_18_2023_09_to_2025_02,ehd_absolute,3493673744.0
B-primary-primary,P-proposed-w_cvss_dominant,4,750e144ba9567b5255b27ce40279643bdf7418d53b15edce5d72c515eb022833,proposed_fixed_prior,w_cvss_dominant,0.01,primary,A,label_a_kev_only,v3,cpe_exact_existing31,full,monthly_18_2023_09_to_2025_02,capacity_efficiency,0.01
B-primary-primary,P-proposed-w_cvss_dominant,4,750e144ba9567b5255b27ce40279643bdf7418d53b15edce5d72c515eb022833,proposed_fixed_prior,w_cvss_dominant,0.01,primary,A,label_a_kev_only,v3,cpe_exact_existing31,full,monthly_18_2023_09_to_2025_02,scheduler_feasibility,1.0
B-primary-primary,P-proposed-w_cvss_dominant,4,750e144ba9567b5255b27ce40279643bdf7418d53b15edce5d72c515eb022833,proposed_fixed_prior,w_cvss_dominant,0.01,primary,A,label_a_kev_only,v3,cpe_exact_existing31,full,monthly_18_2023_09_to_2025_02,scheduled_count_total,2019240.0
B-primary-primary,P-proposed-w_cvss_dominant,4,750e144ba9567b5255b27ce40279643bdf7418d53b15edce5d72c515eb022833,proposed_fixed_prior,w_cvss_dominant,0.01,primary,A,label_a_kev_only,v3,cpe_exact_existing31,full,monthly_18_2023_09_to_2025_02,n_pairs_total,201924000.0
B-primary-primary,P-proposed-w_cvss_dominant,4,750e144ba9567b5255b27ce40279643bdf7418d53b15edce5d72c515eb022833,proposed_fixed_prior,w_cvss_dominant,0.01,primary,A,label_a_kev_only,v3,cpe_exact_existing31,full,monthly_18_2023_09_to_2025_02,n_t0_windows,18.0
B-primary-primary,P-proposed-w_cvss_dominant,5,750e144ba9567b5255b27ce40279643bdf7418d53b15edce5d72c515eb022833,proposed_fixed_prior,w_cvss_dominant,0.01,primary,A,label_a_kev_only,v3,cpe_exact_existing31,full,monthly_18_2023_09_to_2025_02,ehd_absolute,3220121424.0
B-primary-primary,P-proposed-w_cvss_dominant,5,750e144ba9567b5255b27ce40279643bdf7418d53b15edce5d72c515eb022833,proposed_fixed_prior,w_cvss_dominant,0.01,primary,A,label_a_kev_only,v3,cpe_exact_existing31,full,monthly_18_2023_09_to_2025_02,capacity_efficiency,0.01
B-primary-primary,P-proposed-w_cvss_dominant,5,750e144ba9567b5255b27ce40279643bdf7418d53b15edce5d72c515eb022833,proposed_fixed_prior,w_cvss_dominant,0.01,primary,A,label_a_kev_only,v3,cpe_exact_existing31,full,monthly_18_2023_09_to_2025_02,scheduler_feasibility,1.0
B-primary-primary,P-proposed-w_cvss_dominant,5,750e144ba9567b5255b27ce40279643bdf7418d53b15edce5d72c515eb022833,proposed_fixed_prior,w_cvss_dominant,0.01,primary,A,label_a_kev_only,v3,cpe_exact_existing31,full,monthly_18_2023_09_to_2025_02,scheduled_count_total,2019240.0
B-primary-primary,P-proposed-w_cvss_dominant,5,750e144ba9567b5255b27ce40279643bdf7418d53b15edce5d72c515eb022833,proposed_fixed_prior,w_cvss_dominant,0.01,primary,A,label_a_kev_only,v3,cpe_exact_existing31,full,monthly_18_2023_09_to_2025_02,n_pairs_total,201924000.0
B-primary-primary,P-proposed-w_cvss_dominant,5,750e144ba9567b5255b27ce40279643bdf7418d53b15edce5d72c515eb022833,proposed_fixed_prior,w_cvss_dominant,0.01,primary,A,label_a_kev_only,v3,cpe_exact_existing31,full,monthly_18_2023_09_to_2025_02,n_t0_windows,18.0
B-primary-primary,P-proposed-w_cvss_dominant,6,750e144ba9567b5255b27ce40279643bdf7418d53b15edce5d72c515eb022833,proposed_fixed_prior,w_cvss_dominant,0.01,primary,A,label_a_kev_only,v3,cpe_exact_existing31,full,monthly_18_2023_09_to_2025_02,ehd_absolute,3412635472.0
B-primary-primary,P-proposed-w_cvss_dominant,6,750e144ba9567b5255b27ce40279643bdf7418d53b15edce5d72c515eb022833,proposed_fixed_prior,w_cvss_dominant,0.01,primary,A,label_a_kev_only,v3,cpe_exact_existing31,full,monthly_18_2023_09_to_2025_02,capacity_efficiency,0.01
B-primary-primary,P-proposed-w_cvss_dominant,6,750e144ba9567b5255b27ce40279643bdf7418d53b15edce5d72c515eb022833,proposed_fixed_prior,w_cvss_dominant,0.01,primary,A,label_a_kev_only,v3,cpe_exact_existing31,full,monthly_18_2023_09_to_2025_02,scheduler_feasibility,1.0
B-primary-primary,P-proposed-w_cvss_dominant,6,750e144ba9567b5255b27ce40279643bdf7418d53b15edce5d72c515eb022833,proposed_fixed_prior,w_cvss_dominant,0.01,primary,A,label_a_kev_only,v3,cpe_exact_existing31,full,monthly_18_2023_09_to_2025_02,scheduled_count_total,2019240.0
B-primary-primary,P-proposed-w_cvss_dominant,6,750e144ba9567b5255b27ce40279643bdf7418d53b15edce5d72c515eb022833,proposed_fixed_prior,w_cvss_dominant,0.01,primary,A,label_a_kev_only,v3,cpe_exact_existing31,full,monthly_18_2023_09_to_2025_02,n_pairs_total,201924000.0
B-primary-primary,P-proposed-w_cvss_dominant,6,750e144ba9567b5255b27ce40279643bdf7418d53b15edce5d72c515eb022833,proposed_fixed_prior,w_cvss_dominant,0.01,primary,A,label_a_kev_only,v3,cpe_exact_existing31,full,monthly_18_2023_09_to_2025_02,n_t0_windows,18.0
B-primary-primary,P-proposed-w_cvss_dominant,7,750e144ba9567b5255b27ce40279643bdf7418d53b15edce5d72c515eb022833,proposed_fixed_prior,w_cvss_dominant,0.01,primary,A,label_a_kev_only,v3,cpe_exact_existing31,full,monthly_18_2023_09_to_2025_02,ehd_absolute,3353854576.0
B-primary-primary,P-proposed-w_cvss_dominant,7,750e144ba9567b5255b27ce40279643bdf7418d53b15edce5d72c515eb022833,proposed_fixed_prior,w_cvss_dominant,0.01,primary,A,label_a_kev_only,v3,cpe_exact_existing31,full,monthly_18_2023_09_to_2025_02,capacity_efficiency,0.01
B-primary-primary,P-proposed-w_cvss_dominant,7,750e144ba9567b5255b27ce40279643bdf7418d53b15edce5d72c515eb022833,proposed_fixed_prior,w_cvss_dominant,0.01,primary,A,label_a_kev_only,v3,cpe_exact_existing31,full,monthly_18_2023_09_to_2025_02,scheduler_feasibility,1.0
B-primary-primary,P-proposed-w_cvss_dominant,7,750e144ba9567b5255b27ce40279643bdf7418d53b15edce5d72c515eb022833,proposed_fixed_prior,w_cvss_dominant,0.01,primary,A,label_a_kev_only,v3,cpe_exact_existing31,full,monthly_18_2023_09_to_2025_02,scheduled_count_total,2019240.0
B-primary-primary,P-proposed-w_cvss_dominant,7,750e144ba9567b5255b27ce40279643bdf7418d53b15edce5d72c515eb022833,proposed_fixed_prior,w_cvss_dominant,0.01,primary,A,label_a_kev_only,v3,cpe_exact_existing31,full,monthly_18_2023_09_to_2025_02,n_pairs_total,201924000.0
B-primary-primary,P-proposed-w_cvss_dominant,7,750e144ba9567b5255b27ce40279643bdf7418d53b15edce5d72c515eb022833,proposed_fixed_prior,w_cvss_dominant,0.01,primary,A,label_a_kev_only,v3,cpe_exact_existing31,full,monthly_18_2023_09_to_2025_02,n_t0_windows,18.0
B-primary-primary,P-proposed-w_cvss_dominant,8,750e144ba9567b5255b27ce40279643bdf7418d53b15edce5d72c515eb022833,proposed_fixed_prior,w_cvss_dominant,0.01,primary,A,label_a_kev_only,v3,cpe_exact_existing31,full,monthly_18_2023_09_to_2025_02,ehd_absolute,3269164672.0
B-primary-primary,P-proposed-w_cvss_dominant,8,750e144ba9567b5255b27ce40279643bdf7418d53b15edce5d72c515eb022833,proposed_fixed_prior,w_cvss_dominant,0.01,primary,A,label_a_kev_only,v3,cpe_exact_existing31,full,monthly_18_2023_09_to_2025_02,capacity_efficiency,0.01
B-primary-primary,P-proposed-w_cvss_dominant,8,750e144ba9567b5255b27ce40279643bdf7418d53b15edce5d72c515eb022833,proposed_fixed_prior,w_cvss_dominant,0.01,primary,A,label_a_kev_only,v3,cpe_exact_existing31,full,monthly_18_2023_09_to_2025_02,scheduler_feasibility,1.0
B-primary-primary,P-proposed-w_cvss_dominant,8,750e144ba9567b5255b27ce40279643bdf7418d53b15edce5d72c515eb022833,proposed_fixed_prior,w_cvss_dominant,0.01,primary,A,label_a_kev_only,v3,cpe_exact_existing31,full,monthly_18_2023_09_to_2025_02,scheduled_count_total,2019240.0
B-primary-primary,P-proposed-w_cvss_dominant,8,750e144ba9567b5255b27ce40279643bdf7418d53b15edce5d72c515eb022833,proposed_fixed_prior,w_cvss_dominant,0.01,primary,A,label_a_kev_only,v3,cpe_exact_existing31,full,monthly_18_2023_09_to_2025_02,n_pairs_total,201924000.0
B-primary-primary,P-proposed-w_cvss_dominant,8,750e144ba9567b5255b27ce40279643bdf7418d53b15edce5d72c515eb022833,proposed_fixed_prior,w_cvss_dominant,0.01,primary,A,label_a_kev_only,v3,cpe_exact_existing31,full,monthly_18_2023_09_to_2025_02,n_t0_windows,18.0
B-primary-primary,P-proposed-w_cvss_dominant,9,750e144ba9567b5255b27ce40279643bdf7418d53b15edce5d72c515eb022833,proposed_fixed_prior,w_cvss_dominant,0.01,primary,A,label_a_kev_only,v3,cpe_exact_existing31,full,monthly_18_2023_09_to_2025_02,ehd_absolute,3311628384.0
B-primary-primary,P-proposed-w_cvss_dominant,9,750e144ba9567b5255b27ce40279643bdf7418d53b15edce5d72c515eb022833,proposed_fixed_prior,w_cvss_dominant,0.01,primary,A,label_a_kev_only,v3,cpe_exact_existing31,full,monthly_18_2023_09_to_2025_02,capacity_efficiency,0.01
B-primary-primary,P-proposed-w_cvss_dominant,9,750e144ba9567b5255b27ce40279643bdf7418d53b15edce5d72c515eb022833,proposed_fixed_prior,w_cvss_dominant,0.01,primary,A,label_a_kev_only,v3,cpe_exact_existing31,full,monthly_18_2023_09_to_2025_02,scheduler_feasibility,1.0
B-primary-primary,P-proposed-w_cvss_dominant,9,750e144ba9567b5255b27ce40279643bdf7418d53b15edce5d72c515eb022833,proposed_fixed_prior,w_cvss_dominant,0.01,primary,A,label_a_kev_only,v3,cpe_exact_existing31,full,monthly_18_2023_09_to_2025_02,scheduled_count_total,2019240.0
B-primary-primary,P-proposed-w_cvss_dominant,9,750e144ba9567b5255b27ce40279643bdf7418d53b15edce5d72c515eb022833,proposed_fixed_prior,w_cvss_dominant,0.01,primary,A,label_a_kev_only,v3,cpe_exact_existing31,full,monthly_18_2023_09_to_2025_02,n_pairs_total,201924000.0
B-primary-primary,P-proposed-w_cvss_dominant,9,750e144ba9567b5255b27ce40279643bdf7418d53b15edce5d72c515eb022833,proposed_fixed_prior,w_cvss_dominant,0.01,primary,A,label_a_kev_only,v3,cpe_exact_existing31,full,monthly_18_2023_09_to_2025_02,n_t0_windows,18.0
B-primary-primary,P-proposed-w_cvss_dominant,10,750e144ba9567b5255b27ce40279643bdf7418d53b15edce5d72c515eb022833,proposed_fixed_prior,w_cvss_dominant,0.01,primary,A,label_a_kev_only,v3,cpe_exact_existing31,full,monthly_18_2023_09_to_2025_02,ehd_absolute,3311632784.0
B-primary-primary,P-proposed-w_cvss_dominant,10,750e144ba9567b5255b27ce40279643bdf7418d53b15edce5d72c515eb022833,proposed_fixed_prior,w_cvss_dominant,0.01,primary,A,label_a_kev_only,v3,cpe_exact_existing31,full,monthly_18_2023_09_to_2025_02,capacity_efficiency,0.01
B-primary-primary,P-proposed-w_cvss_dominant,10,750e144ba9567b5255b27ce40279643bdf7418d53b15edce5d72c515eb022833,proposed_fixed_prior,w_cvss_dominant,0.01,primary,A,label_a_kev_only,v3,cpe_exact_existing31,full,monthly_18_2023_09_to_2025_02,scheduler_feasibility,1.0
B-primary-primary,P-proposed-w_cvss_dominant,10,750e144ba9567b5255b27ce40279643bdf7418d53b15edce5d72c515eb022833,proposed_fixed_prior,w_cvss_dominant,0.01,primary,A,label_a_kev_only,v3,cpe_exact_existing31,full,monthly_18_2023_09_to_2025_02,scheduled_count_total,2019240.0
B-primary-primary,P-proposed-w_cvss_dominant,10,750e144ba9567b5255b27ce40279643bdf7418d53b15edce5d72c515eb022833,proposed_fixed_prior,w_cvss_dominant,0.01,primary,A,label_a_kev_only,v3,cpe_exact_existing31,full,monthly_18_2023_09_to_2025_02,n_pairs_total,201924000.0
B-primary-primary,P-proposed-w_cvss_dominant,10,750e144ba9567b5255b27ce40279643bdf7418d53b15edce5d72c515eb022833,proposed_fixed_prior,w_cvss_dominant,0.01,primary,A,label_a_kev_only,v3,cpe_exact_existing31,full,monthly_18_2023_09_to_2025_02,n_t0_windows,18.0
B-primary-primary,P-proposed-w_cvss_dominant,11,750e144ba9567b5255b27ce40279643bdf7418d53b15edce5d72c515eb022833,proposed_fixed_prior,w_cvss_dominant,0.01,primary,A,label_a_kev_only,v3,cpe_exact_existing31,full,monthly_18_2023_09_to_2025_02,ehd_absolute,3197649792.0
B-primary-primary,P-proposed-w_cvss_dominant,11,750e144ba9567b5255b27ce40279643bdf7418d53b15edce5d72c515eb022833,proposed_fixed_prior,w_cvss_dominant,0.01,primary,A,label_a_kev_only,v3,cpe_exact_existing31,full,monthly_18_2023_09_to_2025_02,capacity_efficiency,0.01
B-primary-primary,P-proposed-w_cvss_dominant,11,750e144ba9567b5255b27ce40279643bdf7418d53b15edce5d72c515eb022833,proposed_fixed_prior,w_cvss_dominant,0.01,primary,A,label_a_kev_only,v3,cpe_exact_existing31,full,monthly_18_2023_09_to_2025_02,scheduler_feasibility,1.0
B-primary-primary,P-proposed-w_cvss_dominant,11,750e144ba9567b5255b27ce40279643bdf7418d53b15edce5d72c515eb022833,proposed_fixed_prior,w_cvss_dominant,0.01,primary,A,label_a_kev_only,v3,cpe_exact_existing31,full,monthly_18_2023_09_to_2025_02,scheduled_count_total,2019240.0
B-primary-primary,P-proposed-w_cvss_dominant,11,750e144ba9567b5255b27ce40279643bdf7418d53b15edce5d72c515eb022833,proposed_fixed_prior,w_cvss_dominant,0.01,primary,A,label_a_kev_only,v3,cpe_exact_existing31,full,monthly_18_2023_09_to_2025_02,n_pairs_total,201924000.0
B-primary-primary,P-proposed-w_cvss_dominant,11,750e144ba9567b5255b27ce40279643bdf7418d53b15edce5d72c515eb022833,proposed_fixed_prior,w_cvss_dominant,0.01,primary,A,label_a_kev_only,v3,cpe_exact_existing31,full,monthly_18_2023_09_to_2025_02,n_t0_windows,18.0
B-primary-primary,P-proposed-w_cvss_dominant,12,750e144ba9567b5255b27ce40279643bdf7418d53b15edce5d72c515eb022833,proposed_fixed_prior,w_cvss_dominant,0.01,primary,A,label_a_kev_only,v3,cpe_exact_existing31,full,monthly_18_2023_09_to_2025_02,ehd_absolute,3321363760.0
B-primary-primary,P-proposed-w_cvss_dominant,12,750e144ba9567b5255b27ce40279643bdf7418d53b15edce5d72c515eb022833,proposed_fixed_prior,w_cvss_dominant,0.01,primary,A,label_a_kev_only,v3,cpe_exact_existing31,full,monthly_18_2023_09_to_2025_02,capacity_efficiency,0.01
B-primary-primary,P-proposed-w_cvss_dominant,12,750e144ba9567b5255b27ce40279643bdf7418d53b15edce5d72c515eb022833,proposed_fixed_prior,w_cvss_dominant,0.01,primary,A,label_a_kev_only,v3,cpe_exact_existing31,full,monthly_18_2023_09_to_2025_02,scheduler_feasibility,1.0
B-primary-primary,P-proposed-w_cvss_dominant,12,750e144ba9567b5255b27ce40279643bdf7418d53b15edce5d72c515eb022833,proposed_fixed_prior,w_cvss_dominant,0.01,primary,A,label_a_kev_only,v3,cpe_exact_existing31,full,monthly_18_2023_09_to_2025_02,scheduled_count_total,2019240.0
B-primary-primary,P-proposed-w_cvss_dominant,12,750e144ba9567b5255b27ce40279643bdf7418d53b15edce5d72c515eb022833,proposed_fixed_prior,w_cvss_dominant,0.01,primary,A,label_a_kev_only,v3,cpe_exact_existing31,full,monthly_18_2023_09_to_2025_02,n_pairs_total,201924000.0
B-primary-primary,P-proposed-w_cvss_dominant,12,750e144ba9567b5255b27ce40279643bdf7418d53b15edce5d72c515eb022833,proposed_fixed_prior,w_cvss_dominant,0.01,primary,A,label_a_kev_only,v3,cpe_exact_existing31,full,monthly_18_2023_09_to_2025_02,n_t0_windows,18.0
B-primary-primary,P-proposed-w_cvss_dominant,13,750e144ba9567b5255b27ce40279643bdf7418d53b15edce5d72c515eb022833,proposed_fixed_prior,w_cvss_dominant,0.01,primary,A,label_a_kev_only,v3,cpe_exact_existing31,full,monthly_18_2023_09_to_2025_02,ehd_absolute,3267709680.0
B-primary-primary,P-proposed-w_cvss_dominant,13,750e144ba9567b5255b27ce40279643bdf7418d53b15edce5d72c515eb022833,proposed_fixed_prior,w_cvss_dominant,0.01,primary,A,label_a_kev_only,v3,cpe_exact_existing31,full,monthly_18_2023_09_to_2025_02,capacity_efficiency,0.01
B-primary-primary,P-proposed-w_cvss_dominant,13,750e144ba9567b5255b27ce40279643bdf7418d53b15edce5d72c515eb022833,proposed_fixed_prior,w_cvss_dominant,0.01,primary,A,label_a_kev_only,v3,cpe_exact_existing31,full,monthly_18_2023_09_to_2025_02,scheduler_feasibility,1.0
B-primary-primary,P-proposed-w_cvss_dominant,13,750e144ba9567b5255b27ce40279643bdf7418d53b15edce5d72c515eb022833,proposed_fixed_prior,w_cvss_dominant,0.01,primary,A,label_a_kev_only,v3,cpe_exact_existing31,full,monthly_18_2023_09_to_2025_02,scheduled_count_total,2019240.0
B-primary-primary,P-proposed-w_cvss_dominant,13,750e144ba9567b5255b27ce40279643bdf7418d53b15edce5d72c515eb022833,proposed_fixed_prior,w_cvss_dominant,0.01,primary,A,label_a_kev_only,v3,cpe_exact_existing31,full,monthly_18_2023_09_to_2025_02,n_pairs_total,201924000.0
B-primary-primary,P-proposed-w_cvss_dominant,13,750e144ba9567b5255b27ce40279643bdf7418d53b15edce5d72c515eb022833,proposed_fixed_prior,w_cvss_dominant,0.01,primary,A,label_a_kev_only,v3,cpe_exact_existing31,full,monthly_18_2023_09_to_2025_02,n_t0_windows,18.0
B-primary-primary,P-proposed-w_cvss_dominant,14,750e144ba9567b5255b27ce40279643bdf7418d53b15edce5d72c515eb022833,proposed_fixed_prior,w_cvss_dominant,0.01,primary,A,label_a_kev_only,v3,cpe_exact_existing31,full,monthly_18_2023_09_to_2025_02,ehd_absolute,3283540880.0
B-primary-primary,P-proposed-w_cvss_dominant,14,750e144ba9567b5255b27ce40279643bdf7418d53b15edce5d72c515eb022833,proposed_fixed_prior,w_cvss_dominant,0.01,primary,A,label_a_kev_only,v3,cpe_exact_existing31,full,monthly_18_2023_09_to_2025_02,capacity_efficiency,0.01
B-primary-primary,P-proposed-w_cvss_dominant,14,750e144ba9567b5255b27ce40279643bdf7418d53b15edce5d72c515eb022833,proposed_fixed_prior,w_cvss_dominant,0.01,primary,A,label_a_kev_only,v3,cpe_exact_existing31,full,monthly_18_2023_09_to_2025_02,scheduler_feasibility,1.0
B-primary-primary,P-proposed-w_cvss_dominant,14,750e144ba9567b5255b27ce40279643bdf7418d53b15edce5d72c515eb022833,proposed_fixed_prior,w_cvss_dominant,0.01,primary,A,label_a_kev_only,v3,cpe_exact_existing31,full,monthly_18_2023_09_to_2025_02,scheduled_count_total,2019240.0
B-primary-primary,P-proposed-w_cvss_dominant,14,750e144ba9567b5255b27ce40279643bdf7418d53b15edce5d72c515eb022833,proposed_fixed_prior,w_cvss_dominant,0.01,primary,A,label_a_kev_only,v3,cpe_exact_existing31,full,monthly_18_2023_09_to_2025_02,n_pairs_total,201924000.0
B-primary-primary,P-proposed-w_cvss_dominant,14,750e144ba9567b5255b27ce40279643bdf7418d53b15edce5d72c515eb022833,proposed_fixed_prior,w_cvss_dominant,0.01,primary,A,label_a_kev_only,v3,cpe_exact_existing31,full,monthly_18_2023_09_to_2025_02,n_t0_windows,18.0
B-primary-primary,P-proposed-w_cvss_dominant,15,750e144ba9567b5255b27ce40279643bdf7418d53b15edce5d72c515eb022833,proposed_fixed_prior,w_cvss_dominant,0.01,primary,A,label_a_kev_only,v3,cpe_exact_existing31,full,monthly_18_2023_09_to_2025_02,ehd_absolute,3398515392.0
B-primary-primary,P-proposed-w_cvss_dominant,15,750e144ba9567b5255b27ce40279643bdf7418d53b15edce5d72c515eb022833,proposed_fixed_prior,w_cvss_dominant,0.01,primary,A,label_a_kev_only,v3,cpe_exact_existing31,full,monthly_18_2023_09_to_2025_02,capacity_efficiency,0.01
B-primary-primary,P-proposed-w_cvss_dominant,15,750e144ba9567b5255b27ce40279643bdf7418d53b15edce5d72c515eb022833,proposed_fixed_prior,w_cvss_dominant,0.01,primary,A,label_a_kev_only,v3,cpe_exact_existing31,full,monthly_18_2023_09_to_2025_02,scheduler_feasibility,1.0
B-primary-primary,P-proposed-w_cvss_dominant,15,750e144ba9567b5255b27ce40279643bdf7418d53b15edce5d72c515eb022833,proposed_fixed_prior,w_cvss_dominant,0.01,primary,A,label_a_kev_only,v3,cpe_exact_existing31,full,monthly_18_2023_09_to_2025_02,scheduled_count_total,2019240.0
B-primary-primary,P-proposed-w_cvss_dominant,15,750e144ba9567b5255b27ce40279643bdf7418d53b15edce5d72c515eb022833,proposed_fixed_prior,w_cvss_dominant,0.01,primary,A,label_a_kev_only,v3,cpe_exact_existing31,full,monthly_18_2023_09_to_2025_02,n_pairs_total,201924000.0
B-primary-primary,P-proposed-w_cvss_dominant,15,750e144ba9567b5255b27ce40279643bdf7418d53b15edce5d72c515eb022833,proposed_fixed_prior,w_cvss_dominant,0.01,primary,A,label_a_kev_only,v3,cpe_exact_existing31,full,monthly_18_2023_09_to_2025_02,n_t0_windows,18.0
B-primary-primary,P-proposed-w_cvss_dominant,16,750e144ba9567b5255b27ce40279643bdf7418d53b15edce5d72c515eb022833,proposed_fixed_prior,w_cvss_dominant,0.01,primary,A,label_a_kev_only,v3,cpe_exact_existing31,full,monthly_18_2023_09_to_2025_02,ehd_absolute,3329570496.0
B-primary-primary,P-proposed-w_cvss_dominant,16,750e144ba9567b5255b27ce40279643bdf7418d53b15edce5d72c515eb022833,proposed_fixed_prior,w_cvss_dominant,0.01,primary,A,label_a_kev_only,v3,cpe_exact_existing31,full,monthly_18_2023_09_to_2025_02,capacity_efficiency,0.01
B-primary-primary,P-proposed-w_cvss_dominant,16,750e144ba9567b5255b27ce40279643bdf7418d53b15edce5d72c515eb022833,proposed_fixed_prior,w_cvss_dominant,0.01,primary,A,label_a_kev_only,v3,cpe_exact_existing31,full,monthly_18_2023_09_to_2025_02,scheduler_feasibility,1.0
B-primary-primary,P-proposed-w_cvss_dominant,16,750e144ba9567b5255b27ce40279643bdf7418d53b15edce5d72c515eb022833,proposed_fixed_prior,w_cvss_dominant,0.01,primary,A,label_a_kev_only,v3,cpe_exact_existing31,full,monthly_18_2023_09_to_2025_02,scheduled_count_total,2019240.0
B-primary-primary,P-proposed-w_cvss_dominant,16,750e144ba9567b5255b27ce40279643bdf7418d53b15edce5d72c515eb022833,proposed_fixed_prior,w_cvss_dominant,0.01,primary,A,label_a_kev_only,v3,cpe_exact_existing31,full,monthly_18_2023_09_to_2025_02,n_pairs_total,201924000.0
B-primary-primary,P-proposed-w_cvss_dominant,16,750e144ba9567b5255b27ce40279643bdf7418d53b15edce5d72c515eb022833,proposed_fixed_prior,w_cvss_dominant,0.01,primary,A,label_a_kev_only,v3,cpe_exact_existing31,full,monthly_18_2023_09_to_2025_02,n_t0_windows,18.0
B-primary-primary,P-proposed-w_cvss_dominant,17,750e144ba9567b5255b27ce40279643bdf7418d53b15edce5d72c515eb022833,proposed_fixed_prior,w_cvss_dominant,0.01,primary,A,label_a_kev_only,v3,cpe_exact_existing31,full,monthly_18_2023_09_to_2025_02,ehd_absolute,3236991472.0
B-primary-primary,P-proposed-w_cvss_dominant,17,750e144ba9567b5255b27ce40279643bdf7418d53b15edce5d72c515eb022833,proposed_fixed_prior,w_cvss_dominant,0.01,primary,A,label_a_kev_only,v3,cpe_exact_existing31,full,monthly_18_2023_09_to_2025_02,capacity_efficiency,0.01
B-primary-primary,P-proposed-w_cvss_dominant,17,750e144ba9567b5255b27ce40279643bdf7418d53b15edce5d72c515eb022833,proposed_fixed_prior,w_cvss_dominant,0.01,primary,A,label_a_kev_only,v3,cpe_exact_existing31,full,monthly_18_2023_09_to_2025_02,scheduler_feasibility,1.0
B-primary-primary,P-proposed-w_cvss_dominant,17,750e144ba9567b5255b27ce40279643bdf7418d53b15edce5d72c515eb022833,proposed_fixed_prior,w_cvss_dominant,0.01,primary,A,label_a_kev_only,v3,cpe_exact_existing31,full,monthly_18_2023_09_to_2025_02,scheduled_count_total,2019240.0
B-primary-primary,P-proposed-w_cvss_dominant,17,750e144ba9567b5255b27ce40279643bdf7418d53b15edce5d72c515eb022833,proposed_fixed_prior,w_cvss_dominant,0.01,primary,A,label_a_kev_only,v3,cpe_exact_existing31,full,monthly_18_2023_09_to_2025_02,n_pairs_total,201924000.0
B-primary-primary,P-proposed-w_cvss_dominant,17,750e144ba9567b5255b27ce40279643bdf7418d53b15edce5d72c515eb022833,proposed_fixed_prior,w_cvss_dominant,0.01,primary,A,label_a_kev_only,v3,cpe_exact_existing31,full,monthly_18_2023_09_to_2025_02,n_t0_windows,18.0
B-primary-primary,P-proposed-w_cvss_dominant,18,750e144ba9567b5255b27ce40279643bdf7418d53b15edce5d72c515eb022833,proposed_fixed_prior,w_cvss_dominant,0.01,primary,A,label_a_kev_only,v3,cpe_exact_existing31,full,monthly_18_2023_09_to_2025_02,ehd_absolute,3270201312.0
B-primary-primary,P-proposed-w_cvss_dominant,18,750e144ba9567b5255b27ce40279643bdf7418d53b15edce5d72c515eb022833,proposed_fixed_prior,w_cvss_dominant,0.01,primary,A,label_a_kev_only,v3,cpe_exact_existing31,full,monthly_18_2023_09_to_2025_02,capacity_efficiency,0.01
B-primary-primary,P-proposed-w_cvss_dominant,18,750e144ba9567b5255b27ce40279643bdf7418d53b15edce5d72c515eb022833,proposed_fixed_prior,w_cvss_dominant,0.01,primary,A,label_a_kev_only,v3,cpe_exact_existing31,full,monthly_18_2023_09_to_2025_02,scheduler_feasibility,1.0
B-primary-primary,P-proposed-w_cvss_dominant,18,750e144ba9567b5255b27ce40279643bdf7418d53b15edce5d72c515eb022833,proposed_fixed_prior,w_cvss_dominant,0.01,primary,A,label_a_kev_only,v3,cpe_exact_existing31,full,monthly_18_2023_09_to_2025_02,scheduled_count_total,2019240.0
B-primary-primary,P-proposed-w_cvss_dominant,18,750e144ba9567b5255b27ce40279643bdf7418d53b15edce5d72c515eb022833,proposed_fixed_prior,w_cvss_dominant,0.01,primary,A,label_a_kev_only,v3,cpe_exact_existing31,full,monthly_18_2023_09_to_2025_02,n_pairs_total,201924000.0
B-primary-primary,P-proposed-w_cvss_dominant,18,750e144ba9567b5255b27ce40279643bdf7418d53b15edce5d72c515eb022833,proposed_fixed_prior,w_cvss_dominant,0.01,primary,A,label_a_kev_only,v3,cpe_exact_existing31,full,monthly_18_2023_09_to_2025_02,n_t0_windows,18.0
B-primary-primary,P-proposed-w_cvss_dominant,19,750e144ba9567b5255b27ce40279643bdf7418d53b15edce5d72c515eb022833,proposed_fixed_prior,w_cvss_dominant,0.01,primary,A,label_a_kev_only,v3,cpe_exact_existing31,full,monthly_18_2023_09_to_2025_02,ehd_absolute,3317479232.0
B-primary-primary,P-proposed-w_cvss_dominant,19,750e144ba9567b5255b27ce40279643bdf7418d53b15edce5d72c515eb022833,proposed_fixed_prior,w_cvss_dominant,0.01,primary,A,label_a_kev_only,v3,cpe_exact_existing31,full,monthly_18_2023_09_to_2025_02,capacity_efficiency,0.01
B-primary-primary,P-proposed-w_cvss_dominant,19,750e144ba9567b5255b27ce40279643bdf7418d53b15edce5d72c515eb022833,proposed_fixed_prior,w_cvss_dominant,0.01,primary,A,label_a_kev_only,v3,cpe_exact_existing31,full,monthly_18_2023_09_to_2025_02,scheduler_feasibility,1.0
B-primary-primary,P-proposed-w_cvss_dominant,19,750e144ba9567b5255b27ce40279643bdf7418d53b15edce5d72c515eb022833,proposed_fixed_prior,w_cvss_dominant,0.01,primary,A,label_a_kev_only,v3,cpe_exact_existing31,full,monthly_18_2023_09_to_2025_02,scheduled_count_total,2019240.0
B-primary-primary,P-proposed-w_cvss_dominant,19,750e144ba9567b5255b27ce40279643bdf7418d53b15edce5d72c515eb022833,proposed_fixed_prior,w_cvss_dominant,0.01,primary,A,label_a_kev_only,v3,cpe_exact_existing31,full,monthly_18_2023_09_to_2025_02,n_pairs_total,201924000.0
B-primary-primary,P-proposed-w_cvss_dominant,19,750e144ba9567b5255b27ce40279643bdf7418d53b15edce5d72c515eb022833,proposed_fixed_prior,w_cvss_dominant,0.01,primary,A,label_a_kev_only,v3,cpe_exact_existing31,full,monthly_18_2023_09_to_2025_02,n_t0_windows,18.0
B-primary-primary,P-proposed-w_cvss_dominant,20,750e144ba9567b5255b27ce40279643bdf7418d53b15edce5d72c515eb022833,proposed_fixed_prior,w_cvss_dominant,0.01,primary,A,label_a_kev_only,v3,cpe_exact_existing31,full,monthly_18_2023_09_to_2025_02,ehd_absolute,3276853488.0
B-primary-primary,P-proposed-w_cvss_dominant,20,750e144ba9567b5255b27ce40279643bdf7418d53b15edce5d72c515eb022833,proposed_fixed_prior,w_cvss_dominant,0.01,primary,A,label_a_kev_only,v3,cpe_exact_existing31,full,monthly_18_2023_09_to_2025_02,capacity_efficiency,0.01
B-primary-primary,P-proposed-w_cvss_dominant,20,750e144ba9567b5255b27ce40279643bdf7418d53b15edce5d72c515eb022833,proposed_fixed_prior,w_cvss_dominant,0.01,primary,A,label_a_kev_only,v3,cpe_exact_existing31,full,monthly_18_2023_09_to_2025_02,scheduler_feasibility,1.0
B-primary-primary,P-proposed-w_cvss_dominant,20,750e144ba9567b5255b27ce40279643bdf7418d53b15edce5d72c515eb022833,proposed_fixed_prior,w_cvss_dominant,0.01,primary,A,label_a_kev_only,v3,cpe_exact_existing31,full,monthly_18_2023_09_to_2025_02,scheduled_count_total,2019240.0
B-primary-primary,P-proposed-w_cvss_dominant,20,750e144ba9567b5255b27ce40279643bdf7418d53b15edce5d72c515eb022833,proposed_fixed_prior,w_cvss_dominant,0.01,primary,A,label_a_kev_only,v3,cpe_exact_existing31,full,monthly_18_2023_09_to_2025_02,n_pairs_total,201924000.0
B-primary-primary,P-proposed-w_cvss_dominant,20,750e144ba9567b5255b27ce40279643bdf7418d53b15edce5d72c515eb022833,proposed_fixed_prior,w_cvss_dominant,0.01,primary,A,label_a_kev_only,v3,cpe_exact_existing31,full,monthly_18_2023_09_to_2025_02,n_t0_windows,18.0
B-primary-primary,P-proposed-w_cvss_dominant,21,750e144ba9567b5255b27ce40279643bdf7418d53b15edce5d72c515eb022833,proposed_fixed_prior,w_cvss_dominant,0.01,primary,A,label_a_kev_only,v3,cpe_exact_existing31,full,monthly_18_2023_09_to_2025_02,ehd_absolute,3272516112.0
B-primary-primary,P-proposed-w_cvss_dominant,21,750e144ba9567b5255b27ce40279643bdf7418d53b15edce5d72c515eb022833,proposed_fixed_prior,w_cvss_dominant,0.01,primary,A,label_a_kev_only,v3,cpe_exact_existing31,full,monthly_18_2023_09_to_2025_02,capacity_efficiency,0.01
B-primary-primary,P-proposed-w_cvss_dominant,21,750e144ba9567b5255b27ce40279643bdf7418d53b15edce5d72c515eb022833,proposed_fixed_prior,w_cvss_dominant,0.01,primary,A,label_a_kev_only,v3,cpe_exact_existing31,full,monthly_18_2023_09_to_2025_02,scheduler_feasibility,1.0
B-primary-primary,P-proposed-w_cvss_dominant,21,750e144ba9567b5255b27ce40279643bdf7418d53b15edce5d72c515eb022833,proposed_fixed_prior,w_cvss_dominant,0.01,primary,A,label_a_kev_only,v3,cpe_exact_existing31,full,monthly_18_2023_09_to_2025_02,scheduled_count_total,2019240.0
B-primary-primary,P-proposed-w_cvss_dominant,21,750e144ba9567b5255b27ce40279643bdf7418d53b15edce5d72c515eb022833,proposed_fixed_prior,w_cvss_dominant,0.01,primary,A,label_a_kev_only,v3,cpe_exact_existing31,full,monthly_18_2023_09_to_2025_02,n_pairs_total,201924000.0
B-primary-primary,P-proposed-w_cvss_dominant,21,750e144ba9567b5255b27ce40279643bdf7418d53b15edce5d72c515eb022833,proposed_fixed_prior,w_cvss_dominant,0.01,primary,A,label_a_kev_only,v3,cpe_exact_existing31,full,monthly_18_2023_09_to_2025_02,n_t0_windows,18.0
B-primary-primary,P-proposed-w_cvss_dominant,22,750e144ba9567b5255b27ce40279643bdf7418d53b15edce5d72c515eb022833,proposed_fixed_prior,w_cvss_dominant,0.01,primary,A,label_a_kev_only,v3,cpe_exact_existing31,full,monthly_18_2023_09_to_2025_02,ehd_absolute,3200165792.0
B-primary-primary,P-proposed-w_cvss_dominant,22,750e144ba9567b5255b27ce40279643bdf7418d53b15edce5d72c515eb022833,proposed_fixed_prior,w_cvss_dominant,0.01,primary,A,label_a_kev_only,v3,cpe_exact_existing31,full,monthly_18_2023_09_to_2025_02,capacity_efficiency,0.01
B-primary-primary,P-proposed-w_cvss_dominant,22,750e144ba9567b5255b27ce40279643bdf7418d53b15edce5d72c515eb022833,proposed_fixed_prior,w_cvss_dominant,0.01,primary,A,label_a_kev_only,v3,cpe_exact_existing31,full,monthly_18_2023_09_to_2025_02,scheduler_feasibility,1.0
B-primary-primary,P-proposed-w_cvss_dominant,22,750e144ba9567b5255b27ce40279643bdf7418d53b15edce5d72c515eb022833,proposed_fixed_prior,w_cvss_dominant,0.01,primary,A,label_a_kev_only,v3,cpe_exact_existing31,full,monthly_18_2023_09_to_2025_02,scheduled_count_total,2019240.0
B-primary-primary,P-proposed-w_cvss_dominant,22,750e144ba9567b5255b27ce40279643bdf7418d53b15edce5d72c515eb022833,proposed_fixed_prior,w_cvss_dominant,0.01,primary,A,label_a_kev_only,v3,cpe_exact_existing31,full,monthly_18_2023_09_to_2025_02,n_pairs_total,201924000.0
B-primary-primary,P-proposed-w_cvss_dominant,22,750e144ba9567b5255b27ce40279643bdf7418d53b15edce5d72c515eb022833,proposed_fixed_prior,w_cvss_dominant,0.01,primary,A,label_a_kev_only,v3,cpe_exact_existing31,full,monthly_18_2023_09_to_2025_02,n_t0_windows,18.0
B-primary-primary,P-proposed-w_cvss_dominant,23,750e144ba9567b5255b27ce40279643bdf7418d53b15edce5d72c515eb022833,proposed_fixed_prior,w_cvss_dominant,0.01,primary,A,label_a_kev_only,v3,cpe_exact_existing31,full,monthly_18_2023_09_to_2025_02,ehd_absolute,3382442496.0
B-primary-primary,P-proposed-w_cvss_dominant,23,750e144ba9567b5255b27ce40279643bdf7418d53b15edce5d72c515eb022833,proposed_fixed_prior,w_cvss_dominant,0.01,primary,A,label_a_kev_only,v3,cpe_exact_existing31,full,monthly_18_2023_09_to_2025_02,capacity_efficiency,0.01
B-primary-primary,P-proposed-w_cvss_dominant,23,750e144ba9567b5255b27ce40279643bdf7418d53b15edce5d72c515eb022833,proposed_fixed_prior,w_cvss_dominant,0.01,primary,A,label_a_kev_only,v3,cpe_exact_existing31,full,monthly_18_2023_09_to_2025_02,scheduler_feasibility,1.0
B-primary-primary,P-proposed-w_cvss_dominant,23,750e144ba9567b5255b27ce40279643bdf7418d53b15edce5d72c515eb022833,proposed_fixed_prior,w_cvss_dominant,0.01,primary,A,label_a_kev_only,v3,cpe_exact_existing31,full,monthly_18_2023_09_to_2025_02,scheduled_count_total,2019240.0
B-primary-primary,P-proposed-w_cvss_dominant,23,750e144ba9567b5255b27ce40279643bdf7418d53b15edce5d72c515eb022833,proposed_fixed_prior,w_cvss_dominant,0.01,primary,A,label_a_kev_only,v3,cpe_exact_existing31,full,monthly_18_2023_09_to_2025_02,n_pairs_total,201924000.0
B-primary-primary,P-proposed-w_cvss_dominant,23,750e144ba9567b5255b27ce40279643bdf7418d53b15edce5d72c515eb022833,proposed_fixed_prior,w_cvss_dominant,0.01,primary,A,label_a_kev_only,v3,cpe_exact_existing31,full,monthly_18_2023_09_to_2025_02,n_t0_windows,18.0
B-primary-primary,P-proposed-w_cvss_dominant,24,750e144ba9567b5255b27ce40279643bdf7418d53b15edce5d72c515eb022833,proposed_fixed_prior,w_cvss_dominant,0.01,primary,A,label_a_kev_only,v3,cpe_exact_existing31,full,monthly_18_2023_09_to_2025_02,ehd_absolute,3213323984.0
B-primary-primary,P-proposed-w_cvss_dominant,24,750e144ba9567b5255b27ce40279643bdf7418d53b15edce5d72c515eb022833,proposed_fixed_prior,w_cvss_dominant,0.01,primary,A,label_a_kev_only,v3,cpe_exact_existing31,full,monthly_18_2023_09_to_2025_02,capacity_efficiency,0.01
B-primary-primary,P-proposed-w_cvss_dominant,24,750e144ba9567b5255b27ce40279643bdf7418d53b15edce5d72c515eb022833,proposed_fixed_prior,w_cvss_dominant,0.01,primary,A,label_a_kev_only,v3,cpe_exact_existing31,full,monthly_18_2023_09_to_2025_02,scheduler_feasibility,1.0
B-primary-primary,P-proposed-w_cvss_dominant,24,750e144ba9567b5255b27ce40279643bdf7418d53b15edce5d72c515eb022833,proposed_fixed_prior,w_cvss_dominant,0.01,primary,A,label_a_kev_only,v3,cpe_exact_existing31,full,monthly_18_2023_09_to_2025_02,scheduled_count_total,2019240.0
B-primary-primary,P-proposed-w_cvss_dominant,24,750e144ba9567b5255b27ce40279643bdf7418d53b15edce5d72c515eb022833,proposed_fixed_prior,w_cvss_dominant,0.01,primary,A,label_a_kev_only,v3,cpe_exact_existing31,full,monthly_18_2023_09_to_2025_02,n_pairs_total,201924000.0
B-primary-primary,P-proposed-w_cvss_dominant,24,750e144ba9567b5255b27ce40279643bdf7418d53b15edce5d72c515eb022833,proposed_fixed_prior,w_cvss_dominant,0.01,primary,A,label_a_kev_only,v3,cpe_exact_existing31,full,monthly_18_2023_09_to_2025_02,n_t0_windows,18.0
B-primary-primary,P-proposed-w_cvss_dominant,25,750e144ba9567b5255b27ce40279643bdf7418d53b15edce5d72c515eb022833,proposed_fixed_prior,w_cvss_dominant,0.01,primary,A,label_a_kev_only,v3,cpe_exact_existing31,full,monthly_18_2023_09_to_2025_02,ehd_absolute,3339939552.0
B-primary-primary,P-proposed-w_cvss_dominant,25,750e144ba9567b5255b27ce40279643bdf7418d53b15edce5d72c515eb022833,proposed_fixed_prior,w_cvss_dominant,0.01,primary,A,label_a_kev_only,v3,cpe_exact_existing31,full,monthly_18_2023_09_to_2025_02,capacity_efficiency,0.01
B-primary-primary,P-proposed-w_cvss_dominant,25,750e144ba9567b5255b27ce40279643bdf7418d53b15edce5d72c515eb022833,proposed_fixed_prior,w_cvss_dominant,0.01,primary,A,label_a_kev_only,v3,cpe_exact_existing31,full,monthly_18_2023_09_to_2025_02,scheduler_feasibility,1.0
B-primary-primary,P-proposed-w_cvss_dominant,25,750e144ba9567b5255b27ce40279643bdf7418d53b15edce5d72c515eb022833,proposed_fixed_prior,w_cvss_dominant,0.01,primary,A,label_a_kev_only,v3,cpe_exact_existing31,full,monthly_18_2023_09_to_2025_02,scheduled_count_total,2019240.0
B-primary-primary,P-proposed-w_cvss_dominant,25,750e144ba9567b5255b27ce40279643bdf7418d53b15edce5d72c515eb022833,proposed_fixed_prior,w_cvss_dominant,0.01,primary,A,label_a_kev_only,v3,cpe_exact_existing31,full,monthly_18_2023_09_to_2025_02,n_pairs_total,201924000.0
B-primary-primary,P-proposed-w_cvss_dominant,25,750e144ba9567b5255b27ce40279643bdf7418d53b15edce5d72c515eb022833,proposed_fixed_prior,w_cvss_dominant,0.01,primary,A,label_a_kev_only,v3,cpe_exact_existing31,full,monthly_18_2023_09_to_2025_02,n_t0_windows,18.0
B-primary-primary,P-proposed-w_cvss_dominant,26,750e144ba9567b5255b27ce40279643bdf7418d53b15edce5d72c515eb022833,proposed_fixed_prior,w_cvss_dominant,0.01,primary,A,label_a_kev_only,v3,cpe_exact_existing31,full,monthly_18_2023_09_to_2025_02,ehd_absolute,3371375760.0
B-primary-primary,P-proposed-w_cvss_dominant,26,750e144ba9567b5255b27ce40279643bdf7418d53b15edce5d72c515eb022833,proposed_fixed_prior,w_cvss_dominant,0.01,primary,A,label_a_kev_only,v3,cpe_exact_existing31,full,monthly_18_2023_09_to_2025_02,capacity_efficiency,0.01
B-primary-primary,P-proposed-w_cvss_dominant,26,750e144ba9567b5255b27ce40279643bdf7418d53b15edce5d72c515eb022833,proposed_fixed_prior,w_cvss_dominant,0.01,primary,A,label_a_kev_only,v3,cpe_exact_existing31,full,monthly_18_2023_09_to_2025_02,scheduler_feasibility,1.0
B-primary-primary,P-proposed-w_cvss_dominant,26,750e144ba9567b5255b27ce40279643bdf7418d53b15edce5d72c515eb022833,proposed_fixed_prior,w_cvss_dominant,0.01,primary,A,label_a_kev_only,v3,cpe_exact_existing31,full,monthly_18_2023_09_to_2025_02,scheduled_count_total,2019240.0
B-primary-primary,P-proposed-w_cvss_dominant,26,750e144ba9567b5255b27ce40279643bdf7418d53b15edce5d72c515eb022833,proposed_fixed_prior,w_cvss_dominant,0.01,primary,A,label_a_kev_only,v3,cpe_exact_existing31,full,monthly_18_2023_09_to_2025_02,n_pairs_total,201924000.0
B-primary-primary,P-proposed-w_cvss_dominant,26,750e144ba9567b5255b27ce40279643bdf7418d53b15edce5d72c515eb022833,proposed_fixed_prior,w_cvss_dominant,0.01,primary,A,label_a_kev_only,v3,cpe_exact_existing31,full,monthly_18_2023_09_to_2025_02,n_t0_windows,18.0
B-primary-primary,P-proposed-w_cvss_dominant,27,750e144ba9567b5255b27ce40279643bdf7418d53b15edce5d72c515eb022833,proposed_fixed_prior,w_cvss_dominant,0.01,primary,A,label_a_kev_only,v3,cpe_exact_existing31,full,monthly_18_2023_09_to_2025_02,ehd_absolute,3472256656.0
B-primary-primary,P-proposed-w_cvss_dominant,27,750e144ba9567b5255b27ce40279643bdf7418d53b15edce5d72c515eb022833,proposed_fixed_prior,w_cvss_dominant,0.01,primary,A,label_a_kev_only,v3,cpe_exact_existing31,full,monthly_18_2023_09_to_2025_02,capacity_efficiency,0.01
B-primary-primary,P-proposed-w_cvss_dominant,27,750e144ba9567b5255b27ce40279643bdf7418d53b15edce5d72c515eb022833,proposed_fixed_prior,w_cvss_dominant,0.01,primary,A,label_a_kev_only,v3,cpe_exact_existing31,full,monthly_18_2023_09_to_2025_02,scheduler_feasibility,1.0
B-primary-primary,P-proposed-w_cvss_dominant,27,750e144ba9567b5255b27ce40279643bdf7418d53b15edce5d72c515eb022833,proposed_fixed_prior,w_cvss_dominant,0.01,primary,A,label_a_kev_only,v3,cpe_exact_existing31,full,monthly_18_2023_09_to_2025_02,scheduled_count_total,2019240.0
B-primary-primary,P-proposed-w_cvss_dominant,27,750e144ba9567b5255b27ce40279643bdf7418d53b15edce5d72c515eb022833,proposed_fixed_prior,w_cvss_dominant,0.01,primary,A,label_a_kev_only,v3,cpe_exact_existing31,full,monthly_18_2023_09_to_2025_02,n_pairs_total,201924000.0
B-primary-primary,P-proposed-w_cvss_dominant,27,750e144ba9567b5255b27ce40279643bdf7418d53b15edce5d72c515eb022833,proposed_fixed_prior,w_cvss_dominant,0.01,primary,A,label_a_kev_only,v3,cpe_exact_existing31,full,monthly_18_2023_09_to_2025_02,n_t0_windows,18.0
B-primary-primary,P-proposed-w_cvss_dominant,28,750e144ba9567b5255b27ce40279643bdf7418d53b15edce5d72c515eb022833,proposed_fixed_prior,w_cvss_dominant,0.01,primary,A,label_a_kev_only,v3,cpe_exact_existing31,full,monthly_18_2023_09_to_2025_02,ehd_absolute,3488243024.0
B-primary-primary,P-proposed-w_cvss_dominant,28,750e144ba9567b5255b27ce40279643bdf7418d53b15edce5d72c515eb022833,proposed_fixed_prior,w_cvss_dominant,0.01,primary,A,label_a_kev_only,v3,cpe_exact_existing31,full,monthly_18_2023_09_to_2025_02,capacity_efficiency,0.01
B-primary-primary,P-proposed-w_cvss_dominant,28,750e144ba9567b5255b27ce40279643bdf7418d53b15edce5d72c515eb022833,proposed_fixed_prior,w_cvss_dominant,0.01,primary,A,label_a_kev_only,v3,cpe_exact_existing31,full,monthly_18_2023_09_to_2025_02,scheduler_feasibility,1.0
B-primary-primary,P-proposed-w_cvss_dominant,28,750e144ba9567b5255b27ce40279643bdf7418d53b15edce5d72c515eb022833,proposed_fixed_prior,w_cvss_dominant,0.01,primary,A,label_a_kev_only,v3,cpe_exact_existing31,full,monthly_18_2023_09_to_2025_02,scheduled_count_total,2019240.0
B-primary-primary,P-proposed-w_cvss_dominant,28,750e144ba9567b5255b27ce40279643bdf7418d53b15edce5d72c515eb022833,proposed_fixed_prior,w_cvss_dominant,0.01,primary,A,label_a_kev_only,v3,cpe_exact_existing31,full,monthly_18_2023_09_to_2025_02,n_pairs_total,201924000.0
B-primary-primary,P-proposed-w_cvss_dominant,28,750e144ba9567b5255b27ce40279643bdf7418d53b15edce5d72c515eb022833,proposed_fixed_prior,w_cvss_dominant,0.01,primary,A,label_a_kev_only,v3,cpe_exact_existing31,full,monthly_18_2023_09_to_2025_02,n_t0_windows,18.0
B-primary-primary,P-proposed-w_cvss_dominant,29,750e144ba9567b5255b27ce40279643bdf7418d53b15edce5d72c515eb022833,proposed_fixed_prior,w_cvss_dominant,0.01,primary,A,label_a_kev_only,v3,cpe_exact_existing31,full,monthly_18_2023_09_to_2025_02,ehd_absolute,3262838272.0
B-primary-primary,P-proposed-w_cvss_dominant,29,750e144ba9567b5255b27ce40279643bdf7418d53b15edce5d72c515eb022833,proposed_fixed_prior,w_cvss_dominant,0.01,primary,A,label_a_kev_only,v3,cpe_exact_existing31,full,monthly_18_2023_09_to_2025_02,capacity_efficiency,0.01
B-primary-primary,P-proposed-w_cvss_dominant,29,750e144ba9567b5255b27ce40279643bdf7418d53b15edce5d72c515eb022833,proposed_fixed_prior,w_cvss_dominant,0.01,primary,A,label_a_kev_only,v3,cpe_exact_existing31,full,monthly_18_2023_09_to_2025_02,scheduler_feasibility,1.0
B-primary-primary,P-proposed-w_cvss_dominant,29,750e144ba9567b5255b27ce40279643bdf7418d53b15edce5d72c515eb022833,proposed_fixed_prior,w_cvss_dominant,0.01,primary,A,label_a_kev_only,v3,cpe_exact_existing31,full,monthly_18_2023_09_to_2025_02,scheduled_count_total,2019240.0
B-primary-primary,P-proposed-w_cvss_dominant,29,750e144ba9567b5255b27ce40279643bdf7418d53b15edce5d72c515eb022833,proposed_fixed_prior,w_cvss_dominant,0.01,primary,A,label_a_kev_only,v3,cpe_exact_existing31,full,monthly_18_2023_09_to_2025_02,n_pairs_total,201924000.0
B-primary-primary,P-proposed-w_cvss_dominant,29,750e144ba9567b5255b27ce40279643bdf7418d53b15edce5d72c515eb022833,proposed_fixed_prior,w_cvss_dominant,0.01,primary,A,label_a_kev_only,v3,cpe_exact_existing31,full,monthly_18_2023_09_to_2025_02,n_t0_windows,18.0
B-primary-primary,P-proposed-w_cvss_dominant,30,750e144ba9567b5255b27ce40279643bdf7418d53b15edce5d72c515eb022833,proposed_fixed_prior,w_cvss_dominant,0.01,primary,A,label_a_kev_only,v3,cpe_exact_existing31,full,monthly_18_2023_09_to_2025_02,ehd_absolute,3347145872.0
B-primary-primary,P-proposed-w_cvss_dominant,30,750e144ba9567b5255b27ce40279643bdf7418d53b15edce5d72c515eb022833,proposed_fixed_prior,w_cvss_dominant,0.01,primary,A,label_a_kev_only,v3,cpe_exact_existing31,full,monthly_18_2023_09_to_2025_02,capacity_efficiency,0.01
B-primary-primary,P-proposed-w_cvss_dominant,30,750e144ba9567b5255b27ce40279643bdf7418d53b15edce5d72c515eb022833,proposed_fixed_prior,w_cvss_dominant,0.01,primary,A,label_a_kev_only,v3,cpe_exact_existing31,full,monthly_18_2023_09_to_2025_02,scheduler_feasibility,1.0
B-primary-primary,P-proposed-w_cvss_dominant,30,750e144ba9567b5255b27ce40279643bdf7418d53b15edce5d72c515eb022833,proposed_fixed_prior,w_cvss_dominant,0.01,primary,A,label_a_kev_only,v3,cpe_exact_existing31,full,monthly_18_2023_09_to_2025_02,scheduled_count_total,2019240.0
B-primary-primary,P-proposed-w_cvss_dominant,30,750e144ba9567b5255b27ce40279643bdf7418d53b15edce5d72c515eb022833,proposed_fixed_prior,w_cvss_dominant,0.01,primary,A,label_a_kev_only,v3,cpe_exact_existing31,full,monthly_18_2023_09_to_2025_02,n_pairs_total,201924000.0
B-primary-primary,P-proposed-w_cvss_dominant,30,750e144ba9567b5255b27ce40279643bdf7418d53b15edce5d72c515eb022833,proposed_fixed_prior,w_cvss_dominant,0.01,primary,A,label_a_kev_only,v3,cpe_exact_existing31,full,monthly_18_2023_09_to_2025_02,n_t0_windows,18.0
