user_id,username,display_name,department,ou_path,account_enabled,account_created_at,account_last_logon,days_since_last_logon,is_privileged,privileged_group_count,is_service_account,password_last_set,days_since_password_change,mfa_enabled,source_freshness_flag,last_updated_at,split
718b9a18-45e1-9cd1-c970-07b5407fdae1,svc_00000,Synthetic User 00000,IT,"OU=IT,DC=corp,DC=local",True,2021-03-23T00:00:00,2023-12-31T07:23:14.041231,0.7,False,0,True,2023-08-03T00:00:00,151,False,fresh,2024-01-01T00:00:00,train
c3af5294-11ee-e09c-421b-a82f5dd8f997,user_00001,Synthetic User 00001,Security,"OU=Security,DC=corp,DC=local",True,2022-01-24T00:00:00,2023-12-19T04:24:24.814180,12.8,False,0,False,2023-08-08T00:00:00,146,False,fresh,2024-01-01T00:00:00,train
1b9f9c94-159c-c176-13aa-86cd3a964fcd,user_00002,Synthetic User 00002,IT,"OU=IT,DC=corp,DC=local",True,2022-08-06T00:00:00,2023-12-29T08:12:27.468875,2.7,False,0,False,2023-10-24T00:00:00,69,False,fresh,2024-01-01T00:00:00,train
36325cee-a4cd-fc5b-3453-dd3bd5052b7c,user_00003,Synthetic User 00003,Security,"OU=Security,DC=corp,DC=local",True,2020-04-02T00:00:00,2023-12-29T00:20:04.216783,3.0,False,0,False,2023-10-08T00:00:00,85,True,fresh,2024-01-01T00:00:00,val
de7b2aaf-0c98-de3f-684c-120966e17a67,svc_00004,Synthetic User 00004,Finance,"OU=Finance,DC=corp,DC=local",True,2020-05-16T00:00:00,2023-12-31T21:36:00,0.1,False,0,True,2023-08-15T00:00:00,139,True,fresh,2024-01-01T00:00:00,train
fc02a85a-8884-2898-bb62-4abccaf0e7a3,user_00005,Synthetic User 00005,Security,"OU=Security,DC=corp,DC=local",True,2022-02-12T00:00:00,2023-12-29T12:29:41.743353,2.5,False,0,False,2023-07-24T00:00:00,161,True,fresh,2024-01-01T00:00:00,test
d0927350-761d-3c33-68dd-a93d420f68f2,user_00006,Synthetic User 00006,Legal,"OU=Legal,DC=corp,DC=local",True,2021-05-03T00:00:00,2023-12-25T08:34:24.592823,6.6,False,0,False,2023-11-01T00:00:00,61,True,fresh,2024-01-01T00:00:00,train
f1926e8b-c390-a92c-9715-7e85715b1dcf,svc_00007,Synthetic User 00007,Legal,"OU=Legal,DC=corp,DC=local",True,2020-05-04T00:00:00,2023-12-31T16:21:42.711156,0.3,False,0,True,2023-09-08T00:00:00,115,False,stale_mild,2024-01-01T00:00:00,val
74e3fa95-3054-a9f7-e5f0-06caf3fb1989,svc_00008,Synthetic User 00008,IT,"OU=IT,DC=corp,DC=local",True,2021-10-31T00:00:00,2023-12-31T07:06:26.308505,0.7,False,0,True,2023-11-15T00:00:00,47,True,fresh,2024-01-01T00:00:00,test
931a5fd9-3076-efdc-f8f2-882c7e8aa9de,user_00009,Synthetic User 00009,Operations,"OU=Operations,DC=corp,DC=local",True,2022-09-23T00:00:00,2023-12-28T01:03:38.189631,4.0,False,0,False,2023-08-21T00:00:00,133,False,stale_mild,2024-01-01T00:00:00,train
51767f17-6625-dce1-16ab-6bb9ad5cae74,user_00010,Synthetic User 00010,Security,"OU=Security,DC=corp,DC=local",True,2021-06-18T00:00:00,2023-12-28T12:14:37.894345,3.5,False,0,False,2023-09-24T00:00:00,99,False,fresh,2024-01-01T00:00:00,train
05d9e439-07ea-0f56-2367-42a1e697dd5a,user_00011,Synthetic User 00011,Legal,"OU=Legal,DC=corp,DC=local",True,2020-10-26T00:00:00,2023-12-28T09:19:50.741748,3.6,False,0,False,2023-08-12T00:00:00,142,True,fresh,2024-01-01T00:00:00,test
fb7d82be-6b45-1cd3-48df-4602aa0e1a0e,user_00012,Synthetic User 00012,Security,"OU=Security,DC=corp,DC=local",True,2021-07-09T00:00:00,2023-12-28T08:28:50.262232,3.6,False,0,False,2023-07-23T00:00:00,162,False,fresh,2024-01-01T00:00:00,train
528a4d4b-b3df-9a3d-f9a7-b26218c9dfe8,user_00013,Synthetic User 00013,IT,"OU=IT,DC=corp,DC=local",True,2021-11-16T00:00:00,2023-12-26T16:46:48.458072,5.3,False,0,False,2023-10-13T00:00:00,80,True,fresh,2024-01-01T00:00:00,val
2a03bfc8-9c04-5ef2-8ec3-70d0eadca961,user_00014,Synthetic User 00014,Executive,"OU=Executive,DC=corp,DC=local",True,2020-07-04T00:00:00,2023-12-27T01:25:23.156199,4.9,False,0,False,2023-08-08T00:00:00,146,True,stale_mild,2024-01-01T00:00:00,test
3e6f8be5-7d3d-b045-195c-a822f884787e,user_00015,Synthetic User 00015,Security,"OU=Security,DC=corp,DC=local",True,2020-09-20T00:00:00,2023-12-31T05:01:07.641177,0.8,False,0,False,2023-08-16T00:00:00,138,False,fresh,2024-01-01T00:00:00,train
f13aec99-c7a2-3b59-85d8-12aeb07a6a71,user_00016,Synthetic User 00016,Security,"OU=Security,DC=corp,DC=local",True,2020-11-30T00:00:00,2023-12-27T20:29:47.073113,4.1,False,0,False,2023-11-09T00:00:00,53,False,stale_mild,2024-01-01T00:00:00,train
c6e3272c-0a29-6d74-acd9-733e4a388819,user_00017,Synthetic User 00017,Security,"OU=Security,DC=corp,DC=local",True,2021-07-19T00:00:00,2023-12-15T07:43:15.115479,16.7,False,0,False,2023-07-06T00:00:00,179,False,fresh,2024-01-01T00:00:00,train
e6d14d44-716c-a5ff-9b73-67353526ba6b,user_00018,Synthetic User 00018,Finance,"OU=Finance,DC=corp,DC=local",True,2020-01-30T00:00:00,2023-12-22T12:42:37.999718,9.5,False,0,False,2023-08-12T00:00:00,142,False,fresh,2024-01-01T00:00:00,val
f6ab1c9a-f361-a999-37a1-fba0b5f4154f,user_00019,Synthetic User 00019,Executive,"OU=Executive,DC=corp,DC=local",True,2022-08-18T00:00:00,2023-12-28T04:55:49.141649,3.8,False,0,False,2023-08-22T00:00:00,132,True,fresh,2024-01-01T00:00:00,train
a92b5fca-cbe0-94b8-c3d2-b37f568f6317,user_00020,Synthetic User 00020,Engineering,"OU=Engineering,DC=corp,DC=local",True,2021-09-06T00:00:00,2023-12-27T08:57:03.038016,4.6,False,0,False,2023-10-20T00:00:00,73,True,fresh,2024-01-01T00:00:00,train
6787df6b-2aef-a459-a545-6f35c791ce5c,user_00021,Synthetic User 00021,Finance,"OU=Finance,DC=corp,DC=local",True,2021-06-30T00:00:00,2023-12-23T18:57:52.602552,8.2,False,0,False,2023-10-30T00:00:00,63,True,fresh,2024-01-01T00:00:00,train
97c00dca-13e5-73d2-8b4e-f630674f204f,user_00022,Synthetic User 00022,IT,"OU=IT,DC=corp,DC=local",True,2022-03-24T00:00:00,2023-12-29T22:07:41.823359,2.1,False,0,False,2023-11-26T00:00:00,36,False,fresh,2024-01-01T00:00:00,train
2ede6636-2e7b-767c-d86a-1a8353e0efbe,user_00023,Synthetic User 00023,Engineering,"OU=Engineering,DC=corp,DC=local",True,2022-01-06T00:00:00,2023-12-21T16:11:00.074513,10.3,False,0,False,2023-10-10T00:00:00,83,True,fresh,2024-01-01T00:00:00,train
165037d4-a2b1-31bd-ccb5-cc16f6a43345,user_00024,Synthetic User 00024,Legal,"OU=Legal,DC=corp,DC=local",True,2021-07-14T00:00:00,2023-12-11T23:13:53.713219,20.0,False,0,False,2023-11-21T00:00:00,41,True,stale_mild,2024-01-01T00:00:00,test
e2e002d4-8664-4fd7-305e-529800a29f01,user_00025,Synthetic User 00025,HR,"OU=HR,DC=corp,DC=local",True,2020-04-03T00:00:00,2023-12-23T18:33:00.456264,8.2,False,0,False,2023-10-01T00:00:00,92,True,fresh,2024-01-01T00:00:00,test
2149da87-cf4c-1bdf-08ca-f5114838e84e,user_00026,Synthetic User 00026,HR,"OU=HR,DC=corp,DC=local",True,2021-08-12T00:00:00,2023-12-29T16:55:40.921512,2.3,False,0,False,2023-09-16T00:00:00,107,False,fresh,2024-01-01T00:00:00,train
2f56aa76-ed2a-28ff-f25a-1c66bb456eea,user_00027,Synthetic User 00027,HR,"OU=HR,DC=corp,DC=local",True,2021-03-31T00:00:00,2023-02-18T05:19:49.846137,316.8,True,1,False,2023-09-23T00:00:00,100,False,fresh,2024-01-01T00:00:00,test
bb5e0094-3826-f9a7-d0d6-2ad993b875b6,user_00028,Synthetic User 00028,Engineering,"OU=Engineering,DC=corp,DC=local",True,2020-01-03T00:00:00,2023-12-22T19:12:24.861205,9.2,False,0,False,2023-11-27T00:00:00,35,False,fresh,2024-01-01T00:00:00,train
1122a6e0-d92d-7c69-9f73-b53a8d5a2770,user_00029,Synthetic User 00029,HR,"OU=HR,DC=corp,DC=local",True,2022-01-24T00:00:00,2023-12-11T03:36:03.067984,20.8,False,0,False,2023-10-28T00:00:00,65,False,stale_mild,2024-01-01T00:00:00,test
2a818da5-ae9b-68b4-ee65-0c075f529154,user_00030,Synthetic User 00030,IT,"OU=IT,DC=corp,DC=local",True,2022-04-20T00:00:00,2023-12-23T05:55:47.728304,8.8,False,0,False,2023-07-08T00:00:00,177,True,fresh,2024-01-01T00:00:00,train
3252ed8f-84cb-9647-00f3-713666465562,user_00031,Synthetic User 00031,Operations,"OU=Operations,DC=corp,DC=local",True,2021-08-22T00:00:00,2023-12-14T07:10:20.526616,17.7,False,0,False,2023-12-16T00:00:00,16,True,fresh,2024-01-01T00:00:00,val
4e7a338e-18c8-78bd-4816-6ed3f98dbedd,user_00032,Synthetic User 00032,IT,"OU=IT,DC=corp,DC=local",True,2022-02-09T00:00:00,2023-12-29T06:12:53.884581,2.7,False,0,False,2023-12-03T00:00:00,29,False,fresh,2024-01-01T00:00:00,test
8cb46543-1cee-63da-1b71-8f3e7c6eb977,user_00033,Synthetic User 00033,Security,"OU=Security,DC=corp,DC=local",True,2020-06-06T00:00:00,2023-12-29T16:38:28.934268,2.3,False,0,False,2023-10-06T00:00:00,87,False,fresh,2024-01-01T00:00:00,train
c3bf72fe-3cf6-2c8f-8251-523ea655a083,svc_00034,Synthetic User 00034,HR,"OU=HR,DC=corp,DC=local",True,2021-08-12T00:00:00,2023-12-31T07:02:21.259861,0.7,False,0,True,2023-09-25T00:00:00,98,True,fresh,2024-01-01T00:00:00,val
292e3a1e-f41a-9bd3-b1ce-e2b07d6bc15d,user_00035,Synthetic User 00035,Security,"OU=Security,DC=corp,DC=local",True,2022-08-22T00:00:00,2023-12-28T18:57:54.731338,3.2,False,0,False,2023-09-01T00:00:00,122,True,fresh,2024-01-01T00:00:00,train
cb21e3ea-144e-a108-6f08-db7177be1366,user_00036,Synthetic User 00036,Security,"OU=Security,DC=corp,DC=local",True,2021-10-04T00:00:00,2023-12-11T05:34:30.965527,20.8,False,0,False,2023-09-03T00:00:00,120,False,fresh,2024-01-01T00:00:00,train
987faaab-7762-e4fa-74e2-b2288823ff04,user_00037,Synthetic User 00037,Finance,"OU=Finance,DC=corp,DC=local",True,2020-07-11T00:00:00,2023-12-25T06:25:50.120651,6.7,False,0,False,2023-09-30T00:00:00,93,False,fresh,2024-01-01T00:00:00,train
5a793a81-5abe-5224-6fad-5405a044f5e2,user_00038,Synthetic User 00038,Operations,"OU=Operations,DC=corp,DC=local",True,2020-05-24T00:00:00,2023-12-28T01:40:43.088565,3.9,False,0,False,2023-08-25T00:00:00,129,False,fresh,2024-01-01T00:00:00,train
8ad5ad1b-5511-fe4b-d9a0-52ad399f6bd3,user_00039,Synthetic User 00039,Legal,"OU=Legal,DC=corp,DC=local",True,2022-04-26T00:00:00,2023-12-28T08:11:52.150160,3.7,False,0,False,2023-08-08T00:00:00,146,True,fresh,2024-01-01T00:00:00,test
48d21ad9-3560-ebd3-d2ab-2277ec2832cd,user_00040,Synthetic User 00040,HR,"OU=HR,DC=corp,DC=local",True,2021-01-11T00:00:00,2023-12-27T21:38:21.324518,4.1,False,0,False,2023-09-24T00:00:00,99,True,stale_mild,2024-01-01T00:00:00,train
7a2f7cba-8dc7-63b4-e414-f05c67023e9f,user_00041,Synthetic User 00041,Executive,"OU=Executive,DC=corp,DC=local",True,2020-03-29T00:00:00,2023-12-19T13:06:24.486052,12.5,False,0,False,2023-08-24T00:00:00,130,False,fresh,2024-01-01T00:00:00,test
4dc77c5b-f196-de0a-d68b-ddcdacb6cb59,user_00042,Synthetic User 00042,Executive,"OU=Executive,DC=corp,DC=local",True,2022-12-22T00:00:00,2023-12-21T16:48:58.253482,10.3,False,0,False,2023-08-24T00:00:00,130,False,fresh,2024-01-01T00:00:00,train
b844c9c8-27a0-a449-6ab5-f182c8e1bfd8,user_00043,Synthetic User 00043,Operations,"OU=Operations,DC=corp,DC=local",True,2020-07-16T00:00:00,2023-12-30T11:13:42.398596,1.5,False,0,False,2023-07-24T00:00:00,161,True,fresh,2024-01-01T00:00:00,val
1cc50958-23e8-ee50-029d-feac0b02a145,user_00044,Synthetic User 00044,Finance,"OU=Finance,DC=corp,DC=local",True,2021-12-12T00:00:00,2023-11-23T12:07:17.165239,38.5,False,0,False,2023-09-29T00:00:00,94,False,fresh,2024-01-01T00:00:00,train
de22d03a-c08e-a2e4-e389-921a9b4fe58e,svc_00045,Synthetic User 00045,Security,"OU=Security,DC=corp,DC=local",True,2022-04-14T00:00:00,2023-12-31T21:36:00,0.1,False,0,True,2023-10-16T00:00:00,77,False,fresh,2024-01-01T00:00:00,train
6d955373-b8c0-6058-4bda-055f61fb7356,user_00046,Synthetic User 00046,Executive,"OU=Executive,DC=corp,DC=local",True,2022-09-23T00:00:00,2023-12-30T20:06:23.853401,1.2,False,0,False,2023-08-08T00:00:00,146,False,fresh,2024-01-01T00:00:00,test
a4432af2-4195-1eb2-b55a-e3b8e7b73e49,user_00047,Synthetic User 00047,Engineering,"OU=Engineering,DC=corp,DC=local",True,2022-04-14T00:00:00,2023-12-25T21:22:19.920536,6.1,False,0,False,2023-08-02T00:00:00,152,True,fresh,2024-01-01T00:00:00,train
915b3358-23b9-fd3b-9fb6-ed8d73db0e10,user_00048,Synthetic User 00048,Legal,"OU=Legal,DC=corp,DC=local",False,2021-05-17T00:00:00,2023-12-28T22:20:13.349091,3.1,False,0,False,2023-12-31T00:00:00,1,False,fresh,2024-01-01T00:00:00,train
f4d452cc-aa59-bc89-0784-4a21cee0f6f6,user_00049,Synthetic User 00049,HR,"OU=HR,DC=corp,DC=local",True,2022-08-27T00:00:00,2023-12-30T15:33:40.906485,1.4,False,0,False,2023-12-06T00:00:00,26,False,fresh,2024-01-01T00:00:00,train
2f537147-1147-dfec-7090-ff59d9325ea7,svc_00050,Synthetic User 00050,Security,"OU=Security,DC=corp,DC=local",True,2021-05-15T00:00:00,2023-12-31T16:56:51.524425,0.3,False,0,True,2023-08-25T00:00:00,129,True,fresh,2024-01-01T00:00:00,test
32528502-a2d3-fda4-6156-a88d9f44f0e3,user_00051,Synthetic User 00051,Operations,"OU=Operations,DC=corp,DC=local",True,2022-09-13T00:00:00,2023-12-26T00:00:33.961660,6.0,False,0,False,2023-09-18T00:00:00,105,True,fresh,2024-01-01T00:00:00,train
8775171d-4dbc-be6c-d5f7-14b34c2cead9,user_00052,Synthetic User 00052,IT,"OU=IT,DC=corp,DC=local",True,2020-06-09T00:00:00,2023-12-26T07:15:10.767897,5.7,False,0,False,2023-07-06T00:00:00,179,True,stale_mild,2024-01-01T00:00:00,train
dada646c-a80e-89a8-d5ba-1888b31dbbd0,user_00053,Synthetic User 00053,Engineering,"OU=Engineering,DC=corp,DC=local",True,2021-09-28T00:00:00,2023-12-21T10:48:37.051932,10.5,False,0,False,2023-10-15T00:00:00,78,False,fresh,2024-01-01T00:00:00,train
50cd7a7d-e13a-5ae9-9906-53c52d009e09,user_00054,Synthetic User 00054,Finance,"OU=Finance,DC=corp,DC=local",True,2020-11-11T00:00:00,2023-12-20T01:04:21.497792,12.0,False,0,False,2023-09-21T00:00:00,102,True,fresh,2024-01-01T00:00:00,train
68b7d9a3-bcb5-ce10-baf6-8e5c2b047487,user_00055,Synthetic User 00055,Operations,"OU=Operations,DC=corp,DC=local",True,2022-12-20T00:00:00,2023-12-26T22:25:10.247189,5.1,False,0,False,2023-09-02T00:00:00,121,False,fresh,2024-01-01T00:00:00,train
ebdad5c9-363d-cc60-1542-7f6b4dc3304c,user_00056,Synthetic User 00056,Executive,"OU=Executive,DC=corp,DC=local",True,2022-04-28T00:00:00,2023-12-27T22:30:43.000521,4.1,False,0,False,2023-07-07T00:00:00,178,False,fresh,2024-01-01T00:00:00,train
a4af02fe-abf8-d1c7-b1b8-e6f1239204ac,user_00057,Synthetic User 00057,Executive,"OU=Executive,DC=corp,DC=local",True,2022-09-24T00:00:00,2023-12-27T20:43:25.471443,4.1,False,0,False,2023-10-09T00:00:00,84,False,fresh,2024-01-01T00:00:00,test
e038a534-3b6e-09f0-7d25-4faa7ba0f260,user_00058,Synthetic User 00058,Finance,"OU=Finance,DC=corp,DC=local",True,2021-01-04T00:00:00,2023-12-30T10:04:25.776678,1.6,True,2,False,2023-08-19T00:00:00,135,True,stale_mild,2024-01-01T00:00:00,train
faf0039e-426e-22a6-110f-c34603f124e7,user_00059,Synthetic User 00059,Engineering,"OU=Engineering,DC=corp,DC=local",True,2020-12-06T00:00:00,2023-12-30T04:37:19.734287,1.8,False,0,False,2023-09-25T00:00:00,98,True,fresh,2024-01-01T00:00:00,test
eeb5cb92-e52b-b123-a056-76b471efe3a8,user_00060,Synthetic User 00060,Security,"OU=Security,DC=corp,DC=local",True,2021-04-27T00:00:00,2023-12-09T12:56:23.651311,22.5,False,0,False,2023-09-19T00:00:00,104,False,fresh,2024-01-01T00:00:00,train
aed85492-4eb9-1d25-5e38-a0d4bf9e7ad6,svc_00061,Synthetic User 00061,Legal,"OU=Legal,DC=corp,DC=local",True,2022-09-01T00:00:00,2023-12-31T19:28:00.094125,0.2,False,0,True,2023-10-04T00:00:00,89,True,fresh,2024-01-01T00:00:00,test
9d8b99f2-897a-c859-5166-63dff9bade6e,user_00062,Synthetic User 00062,Operations,"OU=Operations,DC=corp,DC=local",True,2021-12-13T00:00:00,2023-12-30T00:17:34.478833,2.0,False,0,False,2023-11-14T00:00:00,48,False,stale_mild,2024-01-01T00:00:00,test
ee4c1081-613d-c907-d1e2-d760dd0fa6b9,user_00063,Synthetic User 00063,Executive,"OU=Executive,DC=corp,DC=local",True,2020-09-29T00:00:00,2023-12-16T18:01:52.950094,15.2,False,0,False,2023-08-09T00:00:00,145,True,fresh,2024-01-01T00:00:00,train
7203115a-bcda-1bba-4a30-d1fa53b6cd61,user_00064,Synthetic User 00064,Operations,"OU=Operations,DC=corp,DC=local",True,2020-03-25T00:00:00,2023-12-27T10:26:18.565763,4.6,False,0,False,2023-09-14T00:00:00,109,True,fresh,2024-01-01T00:00:00,val
276145ba-565a-482f-52ea-162665cc55d7,user_00065,Synthetic User 00065,Legal,"OU=Legal,DC=corp,DC=local",True,2021-12-20T00:00:00,2023-12-29T08:37:21.935215,2.6,False,0,False,2023-11-05T00:00:00,57,True,fresh,2024-01-01T00:00:00,train
3814fec5-5071-ef6f-9db5-e5b61b8e9de4,user_00066,Synthetic User 00066,Security,"OU=Security,DC=corp,DC=local",True,2022-03-23T00:00:00,2023-12-27T16:16:35.095528,4.3,False,0,False,2023-12-19T00:00:00,13,False,fresh,2024-01-01T00:00:00,val
a18124eb-0265-813d-d0b4-a7526fbd24e0,user_00067,Synthetic User 00067,IT,"OU=IT,DC=corp,DC=local",True,2021-10-18T00:00:00,2023-12-23T04:36:22.211590,8.8,False,0,False,2023-12-24T00:00:00,8,False,fresh,2024-01-01T00:00:00,test
c194d1fc-bd4d-0367-9f40-c17eee3dfc2d,user_00068,Synthetic User 00068,Legal,"OU=Legal,DC=corp,DC=local",True,2021-09-15T00:00:00,2023-12-24T20:06:36.162543,7.2,False,0,False,2023-12-14T00:00:00,18,False,fresh,2024-01-01T00:00:00,train
68eff95e-0fbf-006b-4c2a-cf420c0032ba,user_00069,Synthetic User 00069,Operations,"OU=Operations,DC=corp,DC=local",True,2022-12-02T00:00:00,2023-12-26T16:47:14.784823,5.3,False,0,False,2023-11-14T00:00:00,48,False,fresh,2024-01-01T00:00:00,train
c3bbb4d9-35b9-8b51-7018-d3c1ff33dfed,user_00070,Synthetic User 00070,Finance,"OU=Finance,DC=corp,DC=local",True,2021-06-14T00:00:00,2023-12-29T01:21:25.013516,2.9,True,1,False,2023-12-30T00:00:00,2,True,fresh,2024-01-01T00:00:00,test
5fc0fbe1-fd94-9199-6ca5-465ed5e6b314,user_00071,Synthetic User 00071,HR,"OU=HR,DC=corp,DC=local",True,2021-07-31T00:00:00,2023-12-19T22:32:23.780919,12.1,False,0,False,2023-08-01T00:00:00,153,False,fresh,2024-01-01T00:00:00,train
81c86ff0-5a4f-3149-5822-24ab2cef75f6,user_00072,Synthetic User 00072,Engineering,"OU=Engineering,DC=corp,DC=local",True,2022-12-25T00:00:00,2023-12-25T01:08:37.526605,7.0,False,0,False,2023-09-01T00:00:00,122,False,fresh,2024-01-01T00:00:00,val
958677a7-6a10-55ee-bef5-e933414d8d50,user_00073,Synthetic User 00073,Finance,"OU=Finance,DC=corp,DC=local",True,2022-07-13T00:00:00,2023-12-19T05:45:38.085928,12.8,False,0,False,2023-09-18T00:00:00,105,True,fresh,2024-01-01T00:00:00,train
22180f87-95ae-61d1-464a-d578d6df3a42,user_00074,Synthetic User 00074,IT,"OU=IT,DC=corp,DC=local",True,2021-05-14T00:00:00,2023-12-26T00:06:15.979430,6.0,False,0,False,2023-07-22T00:00:00,163,True,stale_mild,2024-01-01T00:00:00,test
2f5c98cb-8bbe-e9d5-009e-61654bc59ca3,user_00075,Synthetic User 00075,Security,"OU=Security,DC=corp,DC=local",True,2020-06-09T00:00:00,2023-12-20T15:24:56.295660,11.4,False,0,False,2023-09-12T00:00:00,111,False,fresh,2024-01-01T00:00:00,train
97426679-0bea-805c-3521-11911b89fda9,user_00076,Synthetic User 00076,Executive,"OU=Executive,DC=corp,DC=local",True,2021-04-08T00:00:00,2023-12-26T18:25:35.446049,5.2,False,0,False,2023-09-21T00:00:00,102,False,fresh,2024-01-01T00:00:00,test
83d83405-056f-9e36-cf7b-73365350638e,user_00077,Synthetic User 00077,Engineering,"OU=Engineering,DC=corp,DC=local",True,2022-03-23T00:00:00,2023-12-25T07:27:36.900548,6.7,False,0,False,2023-10-30T00:00:00,63,True,stale_mild,2024-01-01T00:00:00,train
7bcc2584-c3ed-3e94-a161-5825883b8665,user_00078,Synthetic User 00078,Executive,"OU=Executive,DC=corp,DC=local",True,2020-11-20T00:00:00,2023-12-25T10:09:24.593330,6.6,False,0,False,2023-10-24T00:00:00,69,True,fresh,2024-01-01T00:00:00,test
e49db712-224c-275d-9852-76aa8e73aa9f,user_00079,Synthetic User 00079,Executive,"OU=Executive,DC=corp,DC=local",True,2021-09-23T00:00:00,2023-12-13T13:27:39.353017,18.4,False,0,False,2023-12-07T00:00:00,25,False,fresh,2024-01-01T00:00:00,val
d39ec2ec-a1e7-7059-3d1a-f01921b1f586,user_00080,Synthetic User 00080,Executive,"OU=Executive,DC=corp,DC=local",True,2021-03-09T00:00:00,2023-12-22T02:22:37.089999,9.9,False,0,False,2023-07-29T00:00:00,156,True,fresh,2024-01-01T00:00:00,val
41e003e1-e214-632b-baaa-07d995663378,user_00081,Synthetic User 00081,Engineering,"OU=Engineering,DC=corp,DC=local",True,2021-11-05T00:00:00,2023-12-30T18:04:02.865421,1.2,False,0,False,2023-08-25T00:00:00,129,False,fresh,2024-01-01T00:00:00,train
64f6b5e9-0575-b262-65b7-2dc7925de541,user_00082,Synthetic User 00082,Engineering,"OU=Engineering,DC=corp,DC=local",True,2020-01-17T00:00:00,2023-12-21T05:56:43.163825,10.8,False,0,False,2023-07-19T00:00:00,166,False,stale_mild,2024-01-01T00:00:00,test
ef44f589-d099-4856-a5be-16b787b9eb6b,user_00083,Synthetic User 00083,HR,"OU=HR,DC=corp,DC=local",True,2021-12-26T00:00:00,2023-12-29T02:54:35.034667,2.9,False,0,False,2023-12-21T00:00:00,11,True,fresh,2024-01-01T00:00:00,train
1eb9b1ba-172e-5310-3cdd-b1c527797651,svc_00084,Synthetic User 00084,HR,"OU=HR,DC=corp,DC=local",True,2021-04-26T00:00:00,2023-12-31T19:30:11.339427,0.2,False,0,True,2023-11-07T00:00:00,55,True,fresh,2024-01-01T00:00:00,train
ec6899ce-a8a1-686b-0d3e-ef7782dc8be6,svc_00085,Synthetic User 00085,Security,"OU=Security,DC=corp,DC=local",True,2020-03-09T00:00:00,2023-12-30T15:11:16.546044,1.4,False,0,True,2023-08-21T00:00:00,133,False,fresh,2024-01-01T00:00:00,train
d63b355d-60be-94ac-ff6e-8b71b40440ab,user_00086,Synthetic User 00086,Legal,"OU=Legal,DC=corp,DC=local",True,2022-08-08T00:00:00,2023-12-26T22:31:16.087065,5.1,False,0,False,2023-10-31T00:00:00,62,True,fresh,2024-01-01T00:00:00,train
ab796ff4-e6ef-0b96-0ef1-1c054adb79fc,user_00087,Synthetic User 00087,HR,"OU=HR,DC=corp,DC=local",True,2022-03-18T00:00:00,2023-12-23T18:35:34.536914,8.2,False,0,False,2023-12-13T00:00:00,19,True,fresh,2024-01-01T00:00:00,val
79b18b5c-ec16-493d-6bcd-da7a0e88b35d,user_00088,Synthetic User 00088,IT,"OU=IT,DC=corp,DC=local",True,2022-01-26T00:00:00,2023-12-28T09:16:48.058573,3.6,False,0,False,2023-10-23T00:00:00,70,True,stale_mild,2024-01-01T00:00:00,test
13ff3602-819c-6a25-ff52-6bdba3e0b2de,user_00089,Synthetic User 00089,Finance,"OU=Finance,DC=corp,DC=local",True,2022-09-15T00:00:00,2023-12-26T19:01:17.236593,5.2,False,0,False,2023-10-09T00:00:00,84,False,fresh,2024-01-01T00:00:00,test
cecac2d3-500f-1f4c-241a-1f296597bbae,user_00090,Synthetic User 00090,Legal,"OU=Legal,DC=corp,DC=local",True,2021-07-03T00:00:00,2023-12-30T02:34:55.030158,1.9,False,0,False,2023-09-02T00:00:00,121,False,fresh,2024-01-01T00:00:00,train
5ab79326-759b-ee3a-e147-254853cb45d0,user_00091,Synthetic User 00091,Legal,"OU=Legal,DC=corp,DC=local",True,2021-09-20T00:00:00,2023-12-29T14:58:15.601015,2.4,True,1,False,2023-11-07T00:00:00,55,True,fresh,2024-01-01T00:00:00,val
a68c7f92-5c2a-bcce-c075-a6dfc18583e3,svc_00092,Synthetic User 00092,Legal,"OU=Legal,DC=corp,DC=local",True,2021-09-18T00:00:00,2023-12-31T21:06:02.837922,0.1,False,0,True,2023-08-09T00:00:00,145,False,fresh,2024-01-01T00:00:00,train
e85f9b9c-5bd8-cf83-00ba-20a8ec25c4ee,user_00093,Synthetic User 00093,IT,"OU=IT,DC=corp,DC=local",False,2021-06-11T00:00:00,2023-08-19T07:56:01.398157,134.7,True,2,False,2023-10-02T00:00:00,91,True,fresh,2024-01-01T00:00:00,test
9be8af85-11df-e478-e3e7-c8f4a9a604e0,user_00094,Synthetic User 00094,Engineering,"OU=Engineering,DC=corp,DC=local",True,2020-08-29T00:00:00,2023-12-30T04:37:17.143045,1.8,False,0,False,2023-10-06T00:00:00,87,False,fresh,2024-01-01T00:00:00,val
89c29860-57c2-a321-3465-a304a027e629,user_00095,Synthetic User 00095,Legal,"OU=Legal,DC=corp,DC=local",True,2021-08-06T00:00:00,2023-12-29T05:20:05.371028,2.8,False,0,False,2023-10-25T00:00:00,68,True,fresh,2024-01-01T00:00:00,train
f4128a3d-4f95-feb1-042f-4a1b5115f494,user_00096,Synthetic User 00096,Engineering,"OU=Engineering,DC=corp,DC=local",True,2020-04-26T00:00:00,2023-12-25T16:33:26.909309,6.3,True,1,False,2023-09-29T00:00:00,94,True,fresh,2024-01-01T00:00:00,train
1bf3dbf3-cbfd-59ee-6aa7-21d540a611fa,user_00097,Synthetic User 00097,Security,"OU=Security,DC=corp,DC=local",True,2021-06-06T00:00:00,2023-12-30T08:57:54.791780,1.6,False,0,False,2023-07-24T00:00:00,161,True,fresh,2024-01-01T00:00:00,val
0fd7b2b8-f8b2-59d6-c7b9-3ec18f16c8d3,user_00098,Synthetic User 00098,Executive,"OU=Executive,DC=corp,DC=local",True,2022-12-04T00:00:00,2023-12-20T21:45:27.610068,11.1,False,0,False,2023-07-08T00:00:00,177,False,stale_mild,2024-01-01T00:00:00,train
b729e567-6dc1-6036-7c26-cbc449fc8514,user_00099,Synthetic User 00099,Engineering,"OU=Engineering,DC=corp,DC=local",True,2020-04-30T00:00:00,2023-12-20T03:23:54.666098,11.9,False,0,False,2023-07-12T00:00:00,173,False,fresh,2024-01-01T00:00:00,test
571163c9-6933-da74-d233-e68f428ea623,user_00100,Synthetic User 00100,HR,"OU=HR,DC=corp,DC=local",True,2021-11-21T00:00:00,2023-12-30T15:03:42.178640,1.4,False,0,False,2023-07-20T00:00:00,165,True,fresh,2024-01-01T00:00:00,test
fad26856-9106-643f-4c54-0a9a3efddcf4,user_00101,Synthetic User 00101,Security,"OU=Security,DC=corp,DC=local",True,2022-01-30T00:00:00,2023-12-14T23:28:49.723928,17.0,False,0,False,2023-09-20T00:00:00,103,True,fresh,2024-01-01T00:00:00,train
3506484f-fa6b-1b0a-313d-7be576a8c510,user_00102,Synthetic User 00102,Engineering,"OU=Engineering,DC=corp,DC=local",True,2021-10-13T00:00:00,2023-12-28T03:34:47.840908,3.9,False,0,False,2023-10-22T00:00:00,71,False,fresh,2024-01-01T00:00:00,train
e7c801b1-1fd7-5b2d-e415-8fcbc0da2804,user_00103,Synthetic User 00103,Security,"OU=Security,DC=corp,DC=local",True,2022-06-02T00:00:00,2023-12-25T22:19:50.483256,6.1,False,0,False,2023-10-02T00:00:00,91,False,fresh,2024-01-01T00:00:00,train
499a6437-40cf-48c2-f5ee-912b17ffdb6f,user_00104,Synthetic User 00104,Security,"OU=Security,DC=corp,DC=local",True,2020-05-19T00:00:00,2023-12-24T14:49:11.928417,7.4,False,0,False,2023-10-30T00:00:00,63,False,fresh,2024-01-01T00:00:00,train
5dc15613-cdab-e0b9-9a89-df58a162653c,user_00105,Synthetic User 00105,Finance,"OU=Finance,DC=corp,DC=local",True,2021-01-31T00:00:00,2023-12-22T00:16:20.503146,10.0,False,0,False,2023-07-12T00:00:00,173,True,fresh,2024-01-01T00:00:00,val
21b32998-3201-4153-7e00-4739dc03f1e5,svc_00106,Synthetic User 00106,Security,"OU=Security,DC=corp,DC=local",True,2022-04-09T00:00:00,2023-12-31T11:42:48.585804,0.5,False,0,True,2023-09-10T00:00:00,113,False,fresh,2024-01-01T00:00:00,train
f5fb139d-b4f8-32d8-6245-bead1a6ee514,user_00107,Synthetic User 00107,Operations,"OU=Operations,DC=corp,DC=local",True,2022-02-05T00:00:00,2023-12-28T15:32:49.288163,3.4,False,0,False,2023-08-15T00:00:00,139,True,fresh,2024-01-01T00:00:00,train
aef03263-e229-eb6a-ae98-d4a79b35f615,user_00108,Synthetic User 00108,Operations,"OU=Operations,DC=corp,DC=local",True,2022-06-26T00:00:00,2023-12-24T02:57:28.814922,7.9,False,0,False,2023-10-11T00:00:00,82,True,fresh,2024-01-01T00:00:00,train
1a1587a4-58ca-9024-2a99-fe2c824ef07c,user_00109,Synthetic User 00109,HR,"OU=HR,DC=corp,DC=local",True,2022-09-24T00:00:00,2023-12-23T02:24:09.204883,8.9,False,0,False,2023-12-26T00:00:00,6,True,fresh,2024-01-01T00:00:00,train
0de1124a-95eb-b03e-4e6a-0d87e8c27d3a,user_00110,Synthetic User 00110,Operations,"OU=Operations,DC=corp,DC=local",True,2020-11-14T00:00:00,2023-12-29T22:49:31.172367,2.0,False,0,False,2023-11-12T00:00:00,50,False,fresh,2024-01-01T00:00:00,test
33a96bd9-3623-d573-00d7-2bffb28457ed,svc_00111,Synthetic User 00111,HR,"OU=HR,DC=corp,DC=local",True,2022-02-24T00:00:00,2023-12-29T08:04:44.028908,2.7,False,0,True,2023-09-27T00:00:00,96,False,stale_mild,2024-01-01T00:00:00,train
47f5f2d8-da2c-b98d-6504-12fa8f5d3fff,user_00112,Synthetic User 00112,Legal,"OU=Legal,DC=corp,DC=local",True,2021-08-04T00:00:00,2023-12-03T10:25:17.288156,28.6,False,0,False,2023-07-06T00:00:00,179,False,fresh,2024-01-01T00:00:00,train
d3eaca80-a537-ed57-848c-2a2e95675378,user_00113,Synthetic User 00113,Security,"OU=Security,DC=corp,DC=local",True,2022-10-26T00:00:00,2023-12-21T12:44:36.888938,10.5,False,0,False,2023-07-22T00:00:00,163,False,fresh,2024-01-01T00:00:00,train
ea9a9077-4c59-c0d3-ca8e-ab91590cfd88,user_00114,Synthetic User 00114,IT,"OU=IT,DC=corp,DC=local",True,2021-07-14T00:00:00,2023-12-27T15:52:25.481201,4.3,False,0,False,2023-12-28T00:00:00,4,False,fresh,2024-01-01T00:00:00,train
ef7a9588-4ec0-a8dc-247f-3b69ac8dc54e,user_00115,Synthetic User 00115,Engineering,"OU=Engineering,DC=corp,DC=local",True,2020-07-29T00:00:00,2023-12-14T10:07:48.910547,17.6,False,0,False,2023-08-12T00:00:00,142,True,fresh,2024-01-01T00:00:00,train
7d8ca394-3e81-477f-48f2-d61e0bb7ce3f,user_00116,Synthetic User 00116,Operations,"OU=Operations,DC=corp,DC=local",True,2021-06-07T00:00:00,2023-12-26T04:14:51.443872,5.8,False,0,False,2023-09-19T00:00:00,104,False,fresh,2024-01-01T00:00:00,train
db034c60-2bd2-cd61-c079-a073a73ec1fa,user_00117,Synthetic User 00117,Operations,"OU=Operations,DC=corp,DC=local",True,2021-09-01T00:00:00,2023-12-18T13:42:46.614560,13.4,False,0,False,2023-09-04T00:00:00,119,False,fresh,2024-01-01T00:00:00,test
07368fc7-8e55-122c-030d-84e001ce8d68,user_00118,Synthetic User 00118,Operations,"OU=Operations,DC=corp,DC=local",True,2021-10-14T00:00:00,2023-12-22T13:19:26.754158,9.4,False,0,False,2023-07-24T00:00:00,161,True,fresh,2024-01-01T00:00:00,val
e59598a3-ff9c-b233-773e-4ace54467df7,svc_00119,Synthetic User 00119,Security,"OU=Security,DC=corp,DC=local",True,2022-03-08T00:00:00,2023-12-31T14:02:04.257544,0.4,False,0,True,2023-12-07T00:00:00,25,True,fresh,2024-01-01T00:00:00,val
a0c61b0d-0d3d-3835-91db-2c905bf4e1a6,user_00120,Synthetic User 00120,Engineering,"OU=Engineering,DC=corp,DC=local",True,2020-04-29T00:00:00,2023-12-13T00:49:15.608566,19.0,False,0,False,2023-10-06T00:00:00,87,True,fresh,2024-01-01T00:00:00,train
3b2d5fcc-189c-15e6-6cf6-40e4a3ff5ca7,user_00121,Synthetic User 00121,Operations,"OU=Operations,DC=corp,DC=local",True,2022-08-25T00:00:00,2023-12-26T08:02:11.501249,5.7,False,0,False,2023-10-04T00:00:00,89,True,fresh,2024-01-01T00:00:00,val
9fb62eed-140c-ebb5-0733-f588a40f19b9,user_00122,Synthetic User 00122,Legal,"OU=Legal,DC=corp,DC=local",True,2022-06-21T00:00:00,2023-12-27T00:25:20.252509,5.0,False,0,False,2023-07-21T00:00:00,164,True,fresh,2024-01-01T00:00:00,val
e5998672-0ba4-30aa-ecda-9c58a09ff42c,user_00123,Synthetic User 00123,Executive,"OU=Executive,DC=corp,DC=local",True,2021-11-11T00:00:00,2023-12-28T10:51:13.143464,3.5,False,0,False,2023-11-13T00:00:00,49,False,fresh,2024-01-01T00:00:00,train
e8952495-8b47-1dde-242d-50ebfffc7590,user_00124,Synthetic User 00124,IT,"OU=IT,DC=corp,DC=local",True,2022-01-08T00:00:00,2023-12-26T05:44:02.688138,5.8,False,0,False,2023-11-07T00:00:00,55,False,fresh,2024-01-01T00:00:00,test
e37d44ca-6f8f-7576-9ba5-ba2d2650a645,user_00125,Synthetic User 00125,Engineering,"OU=Engineering,DC=corp,DC=local",True,2021-11-24T00:00:00,2023-12-24T08:05:33.918219,7.7,False,0,False,2023-11-19T00:00:00,43,True,fresh,2024-01-01T00:00:00,train
e765c398-4485-bd09-adbe-1348f39d51c0,user_00126,Synthetic User 00126,HR,"OU=HR,DC=corp,DC=local",True,2020-07-28T00:00:00,2023-12-17T02:16:37.835334,14.9,False,0,False,2023-11-29T00:00:00,33,False,fresh,2024-01-01T00:00:00,train
d4fdd2ae-0945-94f7-4780-d03c1a099996,user_00127,Synthetic User 00127,Legal,"OU=Legal,DC=corp,DC=local",True,2022-05-18T00:00:00,2023-12-21T02:05:44.310231,10.9,False,0,False,2023-10-31T00:00:00,62,True,fresh,2024-01-01T00:00:00,test
9bfca2e6-f1ce-ea2d-9836-110091226da4,user_00128,Synthetic User 00128,Operations,"OU=Operations,DC=corp,DC=local",True,2020-06-12T00:00:00,2023-12-20T00:28:54.386438,12.0,False,0,False,2023-08-06T00:00:00,148,True,fresh,2024-01-01T00:00:00,test
b6689bf4-9ce8-d496-04fc-18cdc858df53,user_00129,Synthetic User 00129,Operations,"OU=Operations,DC=corp,DC=local",True,2021-07-10T00:00:00,2023-12-22T22:34:33.846330,9.1,False,0,False,2023-07-09T00:00:00,176,True,fresh,2024-01-01T00:00:00,test
1800910d-c6d7-392b-eabd-f59fb1e468f1,user_00130,Synthetic User 00130,Legal,"OU=Legal,DC=corp,DC=local",True,2022-06-26T00:00:00,2023-12-02T16:13:19.470151,29.3,False,0,False,2023-09-09T00:00:00,114,False,fresh,2024-01-01T00:00:00,val
d1f9cbfb-4b32-5f35-83ad-47bed487a688,user_00131,Synthetic User 00131,HR,"OU=HR,DC=corp,DC=local",True,2022-03-01T00:00:00,2023-12-27T07:23:46.477082,4.7,False,0,False,2023-09-28T00:00:00,95,False,fresh,2024-01-01T00:00:00,val
d0dc157e-c602-71d2-9743-dc332cbcbed6,svc_00132,Synthetic User 00132,Operations,"OU=Operations,DC=corp,DC=local",True,2022-04-08T00:00:00,2023-12-31T11:11:14.548781,0.5,False,0,True,2023-08-15T00:00:00,139,True,stale_mild,2024-01-01T00:00:00,train
005add89-56ee-6776-4dcc-dfb17b608184,svc_00133,Synthetic User 00133,Executive,"OU=Executive,DC=corp,DC=local",True,2021-10-09T00:00:00,2023-12-31T21:36:00,0.1,False,0,True,2023-12-25T00:00:00,7,False,fresh,2024-01-01T00:00:00,train
9e141bb1-6dfb-41cf-9f61-5dfdd6d971d1,user_00134,Synthetic User 00134,Legal,"OU=Legal,DC=corp,DC=local",True,2022-12-07T00:00:00,2023-12-29T02:38:27.090850,2.9,False,0,False,2023-10-01T00:00:00,92,True,fresh,2024-01-01T00:00:00,test
95575167-9f8b-fc81-1b26-9595709678da,user_00135,Synthetic User 00135,Executive,"OU=Executive,DC=corp,DC=local",True,2020-01-25T00:00:00,2023-12-27T09:56:04.201004,4.6,False,0,False,2023-12-22T00:00:00,10,False,fresh,2024-01-01T00:00:00,train
a3a1ebee-15c9-c74c-e008-b4aa39b1496c,user_00136,Synthetic User 00136,Finance,"OU=Finance,DC=corp,DC=local",True,2020-11-30T00:00:00,2023-11-22T04:36:34.378245,39.8,False,0,False,2023-08-13T00:00:00,141,True,fresh,2024-01-01T00:00:00,train
bf675e22-8f91-0a5e-fa20-7f3a86e9d659,user_00137,Synthetic User 00137,Executive,"OU=Executive,DC=corp,DC=local",True,2022-07-11T00:00:00,2023-12-21T23:57:26.991386,10.0,False,0,False,2023-11-07T00:00:00,55,True,fresh,2024-01-01T00:00:00,train
ced29bb1-15fe-c33c-e75a-6e58e195f051,user_00138,Synthetic User 00138,Executive,"OU=Executive,DC=corp,DC=local",True,2022-10-28T00:00:00,2023-12-25T07:02:47.634542,6.7,False,0,False,2023-07-12T00:00:00,173,False,fresh,2024-01-01T00:00:00,train
f46ebf86-e2ba-e743-a241-a19e51473b72,user_00139,Synthetic User 00139,Engineering,"OU=Engineering,DC=corp,DC=local",True,2021-10-09T00:00:00,2023-12-29T11:57:33.662448,2.5,False,0,False,2023-10-14T00:00:00,79,False,fresh,2024-01-01T00:00:00,train
b8324d21-4491-27cd-b2aa-35c80187f485,user_00140,Synthetic User 00140,Operations,"OU=Operations,DC=corp,DC=local",True,2020-10-19T00:00:00,2023-12-28T09:39:57.258058,3.6,False,0,False,2023-12-08T00:00:00,24,False,fresh,2024-01-01T00:00:00,test
768aba13-4965-95cd-7389-f33452d40a69,user_00141,Synthetic User 00141,IT,"OU=IT,DC=corp,DC=local",True,2022-03-15T00:00:00,2023-12-29T15:03:09.900014,2.4,False,0,False,2023-07-09T00:00:00,176,True,fresh,2024-01-01T00:00:00,test
f0fbcebf-7ba0-53c8-f507-198fd801cfb3,user_00142,Synthetic User 00142,HR,"OU=HR,DC=corp,DC=local",True,2020-10-16T00:00:00,2023-12-23T20:36:52.953197,8.1,False,0,False,2023-12-21T00:00:00,11,True,fresh,2024-01-01T00:00:00,train
6edb4bdc-a1e1-f821-f5da-aa77f47d0a20,user_00143,Synthetic User 00143,Legal,"OU=Legal,DC=corp,DC=local",True,2022-03-14T00:00:00,2023-12-23T16:51:14.008688,8.3,False,0,False,2023-09-16T00:00:00,107,False,fresh,2024-01-01T00:00:00,train
1980de7c-f800-448c-ad9d-45a2e7686d2f,user_00144,Synthetic User 00144,Executive,"OU=Executive,DC=corp,DC=local",True,2022-01-30T00:00:00,2023-06-30T03:06:09.968965,184.9,True,3,False,2023-08-30T00:00:00,124,False,fresh,2024-01-01T00:00:00,test
ec55dce0-36ba-abc3-6626-731a1093fa08,user_00145,Synthetic User 00145,Engineering,"OU=Engineering,DC=corp,DC=local",True,2021-10-19T00:00:00,2023-12-25T09:32:17.663782,6.6,False,0,False,2023-09-20T00:00:00,103,True,fresh,2024-01-01T00:00:00,train
2dfb9545-0441-a6d2-81f9-1c50cfb4c2f3,user_00146,Synthetic User 00146,Executive,"OU=Executive,DC=corp,DC=local",True,2021-09-19T00:00:00,2023-12-27T09:14:27.765480,4.6,False,0,False,2023-12-05T00:00:00,27,True,fresh,2024-01-01T00:00:00,val
ec1f1589-c93b-5faa-5232-ec4196850021,user_00147,Synthetic User 00147,HR,"OU=HR,DC=corp,DC=local",True,2020-05-27T00:00:00,2023-12-28T05:09:50.902705,3.8,False,0,False,2023-07-17T00:00:00,168,False,fresh,2024-01-01T00:00:00,train
bb15c13b-1591-cead-ba2f-45f625c58eb5,user_00148,Synthetic User 00148,IT,"OU=IT,DC=corp,DC=local",True,2022-05-19T00:00:00,2023-12-14T11:03:33.193977,17.5,False,0,False,2023-08-16T00:00:00,138,True,fresh,2024-01-01T00:00:00,train
bed19544-bb22-2658-ca33-0ecc620e9364,user_00149,Synthetic User 00149,Finance,"OU=Finance,DC=corp,DC=local",True,2021-03-02T00:00:00,2023-12-28T06:50:39.601799,3.7,False,0,False,2023-10-30T00:00:00,63,True,fresh,2024-01-01T00:00:00,val
ddcf9ff3-2e84-a351-998e-0e4cdbf9d1a2,user_00150,Synthetic User 00150,HR,"OU=HR,DC=corp,DC=local",True,2022-05-28T00:00:00,2023-12-30T04:52:48.728275,1.8,False,0,False,2023-12-08T00:00:00,24,False,fresh,2024-01-01T00:00:00,train
f26937f1-eba3-3717-089b-e8cb79d5013d,user_00151,Synthetic User 00151,Security,"OU=Security,DC=corp,DC=local",True,2022-03-29T00:00:00,2023-12-27T16:30:12.226180,4.3,False,0,False,2023-09-02T00:00:00,121,True,stale_mild,2024-01-01T00:00:00,test
714bdd60-dfbc-b100-3c3a-ff3f9904b481,user_00152,Synthetic User 00152,IT,"OU=IT,DC=corp,DC=local",True,2020-02-24T00:00:00,2023-12-26T22:59:44.861269,5.0,False,0,False,2023-12-07T00:00:00,25,False,stale_mild,2024-01-01T00:00:00,train
bccd2120-6c43-18b5-1e56-cbcb68e87556,user_00153,Synthetic User 00153,Operations,"OU=Operations,DC=corp,DC=local",True,2022-08-02T00:00:00,2023-12-21T12:10:36.881827,10.5,False,0,False,2023-12-13T00:00:00,19,True,fresh,2024-01-01T00:00:00,train
d016224f-d17a-7b92-d572-d56b31d98a71,user_00154,Synthetic User 00154,IT,"OU=IT,DC=corp,DC=local",True,2021-04-15T00:00:00,2023-12-25T07:51:03.590122,6.7,False,0,False,2023-07-18T00:00:00,167,False,stale_mild,2024-01-01T00:00:00,train
e5268b32-36cd-1f15-afd7-1f02bf9f1998,user_00155,Synthetic User 00155,IT,"OU=IT,DC=corp,DC=local",True,2022-08-03T00:00:00,2023-12-22T10:13:15.267951,9.6,True,1,False,2023-11-08T00:00:00,54,False,fresh,2024-01-01T00:00:00,train
57519255-d731-58c5-62f0-e399018bd545,user_00156,Synthetic User 00156,HR,"OU=HR,DC=corp,DC=local",True,2021-02-10T00:00:00,2023-12-26T14:19:33.506406,5.4,False,0,False,2023-11-30T00:00:00,32,False,fresh,2024-01-01T00:00:00,train
850cd60a-7358-b114-9bb5-ab1f05865865,user_00157,Synthetic User 00157,Operations,"OU=Operations,DC=corp,DC=local",True,2020-10-11T00:00:00,2023-12-20T20:13:35.988659,11.2,False,0,False,2023-11-16T00:00:00,46,False,stale_mild,2024-01-01T00:00:00,train
a82aeabc-5009-59cd-f4dd-c118c93494f9,user_00158,Synthetic User 00158,IT,"OU=IT,DC=corp,DC=local",True,2020-11-10T00:00:00,2023-12-22T22:24:21.848109,9.1,False,0,False,2023-10-22T00:00:00,71,True,fresh,2024-01-01T00:00:00,train
ba087ccf-3854-2a46-ee74-e59ca0bca46a,user_00159,Synthetic User 00159,HR,"OU=HR,DC=corp,DC=local",True,2020-11-12T00:00:00,2023-12-25T18:13:36.119913,6.2,False,0,False,2023-07-16T00:00:00,169,True,fresh,2024-01-01T00:00:00,val
4357a3b0-74f9-cfba-08f3-f11afc2ff7d0,svc_00160,Synthetic User 00160,Legal,"OU=Legal,DC=corp,DC=local",True,2021-01-11T00:00:00,2023-12-30T21:01:39.784672,1.1,False,0,True,2023-12-14T00:00:00,18,False,fresh,2024-01-01T00:00:00,train
b94a29cc-9bc2-bf08-00aa-fcaa9b478673,user_00161,Synthetic User 00161,Finance,"OU=Finance,DC=corp,DC=local",True,2020-10-23T00:00:00,2023-12-29T00:34:47.042697,3.0,False,0,False,2023-07-10T00:00:00,175,False,fresh,2024-01-01T00:00:00,val
74edaedd-0d93-ca3f-b7c5-571a93a23844,user_00162,Synthetic User 00162,Finance,"OU=Finance,DC=corp,DC=local",True,2022-05-11T00:00:00,2023-12-29T08:13:57.175680,2.7,False,0,False,2023-10-08T00:00:00,85,True,fresh,2024-01-01T00:00:00,val
e2b8a177-dd01-0d58-58a8-42439a96c6c4,user_00163,Synthetic User 00163,Engineering,"OU=Engineering,DC=corp,DC=local",True,2022-10-21T00:00:00,2023-12-15T16:56:25.285949,16.3,False,0,False,2023-10-31T00:00:00,62,False,fresh,2024-01-01T00:00:00,test
e53e1772-ee5f-f69b-a632-7cd566febb7d,user_00164,Synthetic User 00164,Operations,"OU=Operations,DC=corp,DC=local",True,2021-10-26T00:00:00,2023-12-07T09:40:55.485438,24.6,False,0,False,2023-08-20T00:00:00,134,True,fresh,2024-01-01T00:00:00,val
221d5980-dac4-eb4c-9d13-8144cb075a28,svc_00165,Synthetic User 00165,IT,"OU=IT,DC=corp,DC=local",True,2021-04-08T00:00:00,2023-12-31T11:54:04.273341,0.5,False,0,True,2023-10-17T00:00:00,76,False,fresh,2024-01-01T00:00:00,train
184c83cd-f2a2-bd57-9913-f318cb92f820,user_00166,Synthetic User 00166,Security,"OU=Security,DC=corp,DC=local",True,2020-10-01T00:00:00,2023-12-18T04:44:04.466488,13.8,False,0,False,2023-12-28T00:00:00,4,False,fresh,2024-01-01T00:00:00,test
16370975-614e-ca96-c360-5ea1979540e6,user_00167,Synthetic User 00167,Operations,"OU=Operations,DC=corp,DC=local",True,2022-05-06T00:00:00,2023-12-29T12:19:39.799832,2.5,False,0,False,2023-11-11T00:00:00,51,False,fresh,2024-01-01T00:00:00,test
6cd63e90-b157-a674-a85a-4989dfa14d5d,user_00168,Synthetic User 00168,Operations,"OU=Operations,DC=corp,DC=local",True,2020-04-25T00:00:00,2023-12-17T10:48:27.060696,14.5,False,0,False,2023-12-06T00:00:00,26,False,fresh,2024-01-01T00:00:00,train
948955ed-b37f-f594-15fb-b1cfa2d9fa38,user_00169,Synthetic User 00169,Finance,"OU=Finance,DC=corp,DC=local",True,2021-11-23T00:00:00,2023-12-30T15:46:12.432432,1.3,False,0,False,2023-08-29T00:00:00,125,True,fresh,2024-01-01T00:00:00,train
10daf1bb-21c0-3f98-d8cc-462112c32a19,user_00170,Synthetic User 00170,Security,"OU=Security,DC=corp,DC=local",True,2021-01-15T00:00:00,2023-12-19T06:37:57.561365,12.7,False,0,False,2023-10-25T00:00:00,68,False,stale_mild,2024-01-01T00:00:00,train
bd4dcbf5-6f80-c491-73c2-6d294a3d5154,user_00171,Synthetic User 00171,Finance,"OU=Finance,DC=corp,DC=local",True,2022-10-04T00:00:00,2023-12-25T18:20:27.703110,6.2,False,0,False,2023-11-21T00:00:00,41,True,fresh,2024-01-01T00:00:00,train
d51e75c6-866f-4060-5b03-0aafaf8b6898,user_00172,Synthetic User 00172,Engineering,"OU=Engineering,DC=corp,DC=local",True,2021-04-23T00:00:00,2023-12-24T11:32:10.060526,7.5,False,0,False,2023-10-19T00:00:00,74,False,fresh,2024-01-01T00:00:00,test
003cc604-c321-12d2-d748-f20d11389887,user_00173,Synthetic User 00173,Operations,"OU=Operations,DC=corp,DC=local",True,2021-10-03T00:00:00,2023-12-24T00:57:54.213008,8.0,False,0,False,2023-09-02T00:00:00,121,True,stale_mild,2024-01-01T00:00:00,train
9510d25a-819b-da3e-baf7-40237275bfc5,user_00174,Synthetic User 00174,HR,"OU=HR,DC=corp,DC=local",True,2020-09-16T00:00:00,2023-12-28T13:37:03.343451,3.4,False,0,False,2023-10-22T00:00:00,71,True,fresh,2024-01-01T00:00:00,val
569b6284-2bde-5030-ff9a-409d165c450b,user_00175,Synthetic User 00175,Legal,"OU=Legal,DC=corp,DC=local",True,2021-01-23T00:00:00,2023-12-22T22:00:47.817115,9.1,False,0,False,2023-08-20T00:00:00,134,True,stale_mild,2024-01-01T00:00:00,train
36f04d92-4e39-ae8a-cd71-0cd45870291c,user_00176,Synthetic User 00176,Operations,"OU=Operations,DC=corp,DC=local",True,2022-02-01T00:00:00,2023-12-25T21:38:39.462609,6.1,False,0,False,2023-09-10T00:00:00,113,True,fresh,2024-01-01T00:00:00,test
728bca38-1edd-a31d-e465-a79f77c274db,user_00177,Synthetic User 00177,Operations,"OU=Operations,DC=corp,DC=local",True,2021-06-17T00:00:00,2023-12-25T18:21:35.258243,6.2,False,0,False,2023-09-08T00:00:00,115,False,stale_mild,2024-01-01T00:00:00,val
5aed97e5-2f31-122d-3d89-8b73b3abe218,user_00178,Synthetic User 00178,Executive,"OU=Executive,DC=corp,DC=local",True,2020-03-29T00:00:00,2023-12-23T18:02:13.328774,8.2,False,0,False,2023-10-19T00:00:00,74,False,fresh,2024-01-01T00:00:00,train
374043c0-de4b-a75a-fe3b-6262a2169478,user_00179,Synthetic User 00179,Operations,"OU=Operations,DC=corp,DC=local",True,2020-08-09T00:00:00,2023-12-26T10:25:00.398529,5.6,False,0,False,2023-07-08T00:00:00,177,True,fresh,2024-01-01T00:00:00,train
06075a57-0153-7616-eb2d-45ae6435ab47,user_00180,Synthetic User 00180,HR,"OU=HR,DC=corp,DC=local",True,2020-04-05T00:00:00,2023-12-30T23:22:14.818442,1.0,False,0,False,2023-10-05T00:00:00,88,True,fresh,2024-01-01T00:00:00,val
5cb9ec7d-cbaa-b2bc-02ed-88adc2eb396d,user_00181,Synthetic User 00181,Legal,"OU=Legal,DC=corp,DC=local",True,2022-03-24T00:00:00,2023-12-01T21:48:54.857787,30.1,False,0,False,2023-12-19T00:00:00,13,False,fresh,2024-01-01T00:00:00,test
8d57da60-0607-0315-ebc1-cb6a1ab9cd1f,user_00182,Synthetic User 00182,Legal,"OU=Legal,DC=corp,DC=local",True,2020-12-30T00:00:00,2023-12-31T02:54:03.697010,0.9,True,3,False,2023-11-28T00:00:00,34,True,stale_mild,2024-01-01T00:00:00,train
7099c744-d7c6-0b75-81c5-57ae186a7684,user_00183,Synthetic User 00183,Executive,"OU=Executive,DC=corp,DC=local",True,2022-05-25T00:00:00,2023-12-14T20:50:01.451856,17.1,False,0,False,2023-12-18T00:00:00,14,True,fresh,2024-01-01T00:00:00,train
5aa3d8f4-44a2-37e5-10c0-353a7a275d0a,user_00184,Synthetic User 00184,HR,"OU=HR,DC=corp,DC=local",True,2021-04-05T00:00:00,2023-12-20T20:35:42.029904,11.1,False,0,False,2023-09-30T00:00:00,93,False,fresh,2024-01-01T00:00:00,val
faa93309-d64e-9f83-dfec-af8bcf90c4a9,user_00185,Synthetic User 00185,Finance,"OU=Finance,DC=corp,DC=local",True,2020-03-31T00:00:00,2023-12-14T02:30:26.565029,17.9,False,0,False,2023-08-23T00:00:00,131,False,fresh,2024-01-01T00:00:00,val
bc5667d0-e6f6-c9f9-89ad-4a81724a3aab,user_00186,Synthetic User 00186,Legal,"OU=Legal,DC=corp,DC=local",True,2022-12-09T00:00:00,2023-12-18T17:51:19.206860,13.3,False,0,False,2023-12-07T00:00:00,25,True,fresh,2024-01-01T00:00:00,train
dc40cd3c-2cb9-3d07-5b82-ab1db02c3e41,user_00187,Synthetic User 00187,Executive,"OU=Executive,DC=corp,DC=local",True,2022-08-26T00:00:00,2023-12-28T09:59:34.134625,3.6,False,0,False,2023-12-08T00:00:00,24,False,stale_mild,2024-01-01T00:00:00,train
29e9e092-aa34-3d32-928f-7b02a8e7e576,user_00188,Synthetic User 00188,Legal,"OU=Legal,DC=corp,DC=local",True,2020-07-11T00:00:00,2023-12-16T01:24:18.804248,15.9,False,0,False,2023-07-16T00:00:00,169,False,fresh,2024-01-01T00:00:00,train
252f99a6-53ec-86c0-ba50-1d0c2021454b,user_00189,Synthetic User 00189,Engineering,"OU=Engineering,DC=corp,DC=local",True,2022-12-01T00:00:00,2023-12-24T14:17:59.321103,7.4,False,0,False,2023-08-11T00:00:00,143,True,fresh,2024-01-01T00:00:00,val
8cbee3a6-f06f-f7e8-55fb-60fecc714891,svc_00190,Synthetic User 00190,Finance,"OU=Finance,DC=corp,DC=local",True,2021-06-26T00:00:00,2023-12-31T17:02:46.300609,0.3,False,0,True,2023-10-04T00:00:00,89,False,stale_mild,2024-01-01T00:00:00,train
ed9c0cda-1a63-7bd9-24b5-4542c331d9f5,user_00191,Synthetic User 00191,IT,"OU=IT,DC=corp,DC=local",True,2021-05-22T00:00:00,2023-03-11T04:14:09.750567,295.8,True,3,False,2023-11-07T00:00:00,55,True,fresh,2024-01-01T00:00:00,test
55d990bc-5244-23aa-c245-48616fff8cde,user_00192,Synthetic User 00192,Operations,"OU=Operations,DC=corp,DC=local",True,2021-04-18T00:00:00,2023-12-24T22:10:21.689199,7.1,False,0,False,2023-11-21T00:00:00,41,False,fresh,2024-01-01T00:00:00,test
5b322cbc-3025-4fc8-8db7-59ad78554f45,user_00193,Synthetic User 00193,Engineering,"OU=Engineering,DC=corp,DC=local",True,2020-01-25T00:00:00,2023-12-29T20:54:35.882807,2.1,False,0,False,2023-12-06T00:00:00,26,True,fresh,2024-01-01T00:00:00,train
32fea187-d15f-cebc-b256-71797afc05d1,svc_00194,Synthetic User 00194,Finance,"OU=Finance,DC=corp,DC=local",True,2022-09-27T00:00:00,2023-12-31T19:30:42.081731,0.2,False,0,True,2023-12-16T00:00:00,16,False,fresh,2024-01-01T00:00:00,test
d319589b-72a5-d7ee-0cc2-cb9feee06870,user_00195,Synthetic User 00195,Operations,"OU=Operations,DC=corp,DC=local",False,2022-07-02T00:00:00,2023-12-30T16:54:07.667790,1.3,False,0,False,2023-11-22T00:00:00,40,True,fresh,2024-01-01T00:00:00,val
21cfa911-720d-2289-aa27-d56996e9c584,user_00196,Synthetic User 00196,Executive,"OU=Executive,DC=corp,DC=local",True,2021-03-30T00:00:00,2023-12-28T23:51:18.653209,3.0,False,0,False,2023-08-03T00:00:00,151,True,stale_mild,2024-01-01T00:00:00,train
6b3f63e7-38ab-ee54-e9f0-f3f754a2a6e0,user_00197,Synthetic User 00197,Finance,"OU=Finance,DC=corp,DC=local",True,2020-10-30T00:00:00,2023-12-08T05:28:35.026724,23.8,False,0,False,2023-09-04T00:00:00,119,True,stale_mild,2024-01-01T00:00:00,train
0d8d3e95-643b-0d92-b18b-0918dc38916a,user_00198,Synthetic User 00198,HR,"OU=HR,DC=corp,DC=local",True,2020-07-09T00:00:00,2023-12-25T23:41:42.292142,6.0,False,0,False,2023-12-26T00:00:00,6,False,fresh,2024-01-01T00:00:00,val
3fb8f87b-38d6-830a-9b72-1dfb66c1a74f,user_00199,Synthetic User 00199,Legal,"OU=Legal,DC=corp,DC=local",True,2021-03-15T00:00:00,2023-12-28T16:24:07.891783,3.3,False,0,False,2023-08-28T00:00:00,126,True,stale_mild,2024-01-01T00:00:00,val
